lead_id,created,name,email,company,employees,website,title,source,monthly_budget,notes
L-1369,06/28/2024,Gbenga,gbenga@luxauto.io,LuxAuto,,luxauto.io,,webform,,Not looking to buy — I'm a developer looking for a role. Attaching my CV.
L-1362,06/25/2024,Gbenga,gbenga@performengine.agency,PerformEngine,20,performengine.agency,Head of Ops,linkedin,"5,000/mo",Curious about automating pacing ad budgets across dozens of accounts manually. Comparing a few options. 
L-1168,2024-06-08,Ola,ola@pipegtm.co,PipeGTM,,pipegtm.co,VP Growth,linkedin,$6k/mo,"We're a influencer marketing agency, 26 people. Chasing follow-ups across email and whatsapp is eating our week. Want it automated end to end. Budget approved, wants to start ASAP. "
L-1326,Jun 7 2024,Blessing,blessing@proton.me,,10,,Partner,referral,,VC here — wanting to intro you to a few portfolio companies. Not a direct buyer.
1341,04-06-2024,Hana O.,hanao@apexsend.co,ApexSend,35-55,www.apexsend.co,Owner,cold reply,$6k/mo,Looking into automating manual lead routing so hot leads go stale. Comparing a few options. Budget not locked yet.
L-1327,06/07/2024,Tunde,tunde@upshiftloop.agency,Upshiftloop,19+,http://upshiftloop.agency,Head of RevOps,cold reply,$6-8k,Exploring automating qualifying inbound leads before they hit the reps. Comparing a few options. 
L-1029,19-06-2024,Precious,precious@leveragelabs.africa,LeverageLabs,1,leveragelabs.africa,,event,,"You have WON $1,000,000!!! Click here to claim."
L-1408,6/1/24,Lola W.,lolaw@freelance.agency,Freelance,,,Student,webform,,"hi! CS student, i love what you do. could you send a free template or resources? not looking to buy, just learning :)"
L-1329,06/04/2024,Gbenga,gbenga@meridianengine.io,MeridianEngine,68,www.meridianengine.io,Head of RevOps,referral,6k,Interested in automating chasing follow-ups across email and WhatsApp. Comparing a few options. Budget not locked yet.
1137,06/15/2024,Grace N.,gracen@nimblemedia.africa,NimbleMedia,9,www.nimblemedia.africa,Head of RevOps,webform,18k,"We're a full-service marketing agency, 23 people. Summarizing call recordings into crm notes is eating our week. Want it automated end to end. Budget approved, ready to pilot in the next 2 weeks. I make the call here."
L-1272,6/24/24,Femi,femi@growthmasons.com,GrowthMasons,16,growthmasons.com,Head of RevOps,referral,"$8,000/mo","We're a media buying agency, 58 people. Enriching and scoring leads one by one is eating our week. Want it automated end to end. Budget approved, keen to move fast. This is my priority to solve."
L-1273,6/15/24,Sam,sam@upshiftbound.africa,Upshiftbound,1,,Student,webform,,"Journalist writing about the AI automation space, looking for a quote."
L-1474,06/26/2024,Josh,josh@rankfast.africa,RankFast,,rankfast.africa,Founder,event,,"freelance marketer, would love to learn but can't really pay right now. maybe later."
1039,06/28/2024,Kelechi K.,kelechik@talentpool.ng,TalentPool,,www.talentpool.ng,Recruiter,webform,,Not looking to buy — I'm a developer looking for a role. Attaching my CV.
1337,Jun 19 2024,Obi,obi@pipereach.ng,PipeReach,,http://pipereach.ng,Head of Ops,webform,15k/mo,"We're a appointment-setting agency, 43 people. Moving leads between apollo and the crm by hand is eating our week. Want it automated end to end. Budget approved, decision this month. I make the call here."
L-1033,6/26/24,Ngozi,ngozi@earlystageco.africa,EarlyStageCo,1,earlystageco.africa,Consultant,linkedin,0,"solo consultant wanting to automate my own outreach. tiny budget, one-man shop."
L-1411,12-06-2024,Zainab,zainab@scalemasons.com,ScaleMasons,,scalemasons.com,Head of Ops,webform,$7k,Interested in automating pacing ad budgets across dozens of accounts manually. Not totally sure what we need yet. Price sensitive.
L-1413,2024-06-23,Tunde,tunde@omnibound.co,Omnibound,28-48,,Managing Director,referral,5k-7k,"We're a outbound agency, 60 people. Chasing follow-ups across email and whatsapp is eating our week. Want it automated end to end. Budget approved, this is a priority for the quarter. This is my priority to solve."
L-1028,11-06-2024,David,david@cladwell.africa,Cladwell,7,,Consultant,cold reply,0,"very early startup, 3 people, no real budget yet but sharp and might grow."
L-1017,26-06-2024,Tunde O.,tundeo@upshiftworks.co,UpshiftWorks,68,upshiftworks.co,CEO,linkedin,"$9,000",Looking into automating moving leads between Apollo and the CRM by hand. Comparing a few options. 
L-1493,Jun 15 2024,Tobi N.,tobin@freelancelabs.africa,FreelanceLabs,7,freelancelabs.africa,Owner,referral,500,"very early startup, 2 people, no real budget yet but sharp and might grow."
L-1453,Jun 26 2024,Maria,maria@freelanceco.co,FreelanceCo,,,Recruiter,referral,,Not looking to buy — I'm a developer looking for a role. Attaching my CV.
L-1187,26-06-2024,Victor,victor@brightline.io,Brightline,64,www.brightline.io,Managing Director,referral,$7k,Looking into automating copy-pasting data between spreadsheets and HubSpot. Comparing a few options. Have some budget.
L-1355,06/13/2024,deji,deji@trialslabs.io,TrialsLabs,,trialslabs.io,Student,webform,,"final year student doing a project on AI automation, can you share how you built your systems?"
1385,6/13/24,Tunde,tunde@leadlabs.agency,LeadLabs,~43,www.leadlabs.agency,VP Ops,webform,"5,000/mo",Looking into automating building client reports across 6 tools every week. Comparing a few options. 
L-1494,2024-6-19,Gbenga K.,gbengak@stackloop.com,Stackloop,70+,www.stackloop.com,VP Growth,cold reply,8k,Interested in automating triaging a flooded shared inbox. Not totally sure what we need yet. 
L-1477,6/20/24,tunde,tunde@northhive.io,Northhive,,northhive.io,Student,webform,,"hi! CS student, i love what you do. could you send a free template or resources? not looking to buy, just learning :)"
L-1452,6/28/24,Ada N.,adan@apexmasons.com,ApexMasons,61,apexmasons.com,Founder,event,,We're a cold email agency. Want to automate lead routing. Wont share budget yet — depends what you can do.
L-1192,6/26/24,Samir,samir@freelance.co,Freelance,1,freelance.co,,event,,"Cheap SMM panel, buy followers and likes, DM for rates."
L-1124,06/25/2024,Maria,maria@reachworks.co,ReachWorks,19-39,reachworks.co,CEO,webform,TBD,We're a appointment-setting agency. Want to automate lead routing. Not sure who signs off internally.
L-1205-dup,Jun 9 2024,Bola,bola@nimblepods.co,NimblePods,76,,VP Growth,event,TBD,(duplicate submission) We're a SEO agency. Want to add an AI service line for clients. Not sure who signs off internally.
L-1345,6/1/24,Lola,lola@earlystagelabs.co,EarlyStageLabs,8,,,cold reply,,"We have automation devs on our bench, would love to place candidates with you."
,,,,,,,,,,
L-1058,23-06-2024,Nneka,nneka@luxauto.africa,LuxAuto,7,,,webform,,"Offering offshore dev team at $5/hr, interested?"
L-1332,2024-6-7,Zara,zara@demandgtm.agency,DemandGTM,69+,http://demandgtm.agency,Managing Partner,webform,"5,000/mo",Interested in automating qualifying inbound leads before they hit the reps. Not totally sure what we need yet. 
L-1293,2024-6-6,Blessing,blessing@performmedia.io,PerformMedia,,performmedia.io,,webform,,VC here — wanting to intro you to a few portfolio companies. Not a direct buyer.
L-1491,06/17/2024,Kelechi,kelechi@trialsco.ng,TrialsCo,,http://trialsco.ng,Partner,webform,,"Doing a university project on AI agencies in Africa, can I interview your founder? Not a client."
L-1210,Jun 20 2024,Rita,rita@demandpods.agency,DemandPods,5,demandpods.agency,Developer,cold reply,,Are you hiring developers? I'd love to join your team.
L-1203,2024-06-06,Obi,obi@northlabs.agency,NorthLabs,4+,,Owner,webform,"$8,500",Looking into automating qualifying inbound leads before they hit the reps. Comparing a few options. 
L-1314,2024-06-18,lena,lena@demandforge.io,Demandforge,48,demandforge.io,Founder,linkedin,4000,Curious about automating qualifying inbound leads before they hit the reps. Decision in about a month. Price sensitive.
L-1497,6/22/24,Ola,ola@cladwellworks.agency,CladwellWorks,2,cladwellworks.agency,Owner,referral,,"I actually run a competing automation agency, just seeing how you package your offer. Not a buyer."
L-1148,6/13/24,Bola,bola@meridianworks.com,MeridianWorks,72,meridianworks.com,Head of Growth,referral,5k-7k,Curious about automating stitching together reporting for 40+ clients. Not totally sure what we need yet. 
L-1439,Jun 15 2024,Victor,victor@contentbound.io,Contentbound,,http://contentbound.io,Freelancer,linkedin,2000,"small local business, not an agency, wants a cheap chatbot. budget way below range."
L-1461,6/17/24,Precious,precious@northmasons.co,NorthMasons,5,http://northmasons.co,Owner,webform,,"I actually run a competing automation agency, just seeing how you package your offer. Not a buyer."
L-1162,2024-6-4,Victor,victor@reachmedia.africa,ReachMedia,35,,Founder,referral,TBD,Interested in automating moving leads between Apollo and the CRM by hand. Comparing a few options. 
1106,2024-06-11,Josh W.,joshw@reachpods.ng,ReachPods,20,http://reachpods.ng,Founder,referral,$14k/mo,Exploring automating building client reports across 6 tools every week. Would need to loop in the team. 
L-1195,11-06-2024,Uche,uche@salespodsbound.ng,Salespodsbound,54,salespodsbound.ng,COO,referral,$4k/mo,"(duplicate submission) We're a lead gen agency, 21 people. Enriching and scoring leads one by one is eating our week. Want it automated end to end. Budget approved, keen to move fast. "
L-1438,06/28/2024,Tobi,tobi@salespodsly.co,Salespodsly,4+,www.salespodsly.co,VP Growth,referral,$14k/mo,"We're a outbound agency, 45 people. Triaging a flooded shared inbox is eating our week. Want it automated end to end. Budget approved, want to start this month. "
L-1414,06/09/2024,grace,grace@nimblehive.agency,Nimblehive,1,nimblehive.agency,,webform,,"Journalist writing about the AI automation space, looking for a quote."
L-1368,6/3/24,Femi,femi@omnireach.agency,OmniReach,,omnireach.agency,,cold reply,,"Offering offshore dev team at $5/hr, interested?"
L-1297,06/01/2024,Precious,precious@luxautolabs.africa,LuxAutoLabs,1,luxautolabs.africa,Developer,referral,,Are you hiring developers? I'd love to join your team.
1357,2024-06-03,,lead@stacklabs.agency,StackLabs,20,stacklabs.agency,Head of Ops,webform,12k/mo,"We're a social media agency, 35 people. Researching prospects and drafting first-touch messages is eating our week. Want it automated end to end. Budget approved, ready to pilot in the next 2 weeks. "
L-1185,2024-06-21,Emeka,emeka@contentforge.co,Contentforge,,contentforge.co,Recruiter,cold reply,,Not looking to buy — I'm a developer looking for a role. Attaching my CV.
L-1498,2024-6-16,Nneka,nneka@contentsend.co,ContentSend,63-83,http://contentsend.co,COO,event,"$8,000/mo","We're a influencer marketing agency, 58 people. Triaging a flooded shared inbox is eating our week. Want it automated end to end. Budget approved, ready to pilot in the next 2 weeks. Decision is mine."
L-1132,2024-06-23,Nkechi,nkechi@omnisend.africa,OmniSend,50+,omnisend.africa,Managing Partner,event,8k,"We're a cold email agency, 38 people. Moving leads between apollo and the crm by hand is eating our week. Want it automated end to end. Budget approved, ready to pilot in the next 2 weeks. This is my priority to solve."
L-1030,2024-6-19,Tunde,tunde@leadreach.co,LeadReach,~18,,Director of Ops,cold reply,,We're a PPC agency. Want to add an AI service line for clients. Not sure who signs off internally.
L-1349,Jun 18 2024,peter,peter@trialslabs.co,TrialsLabs,55,http://trialslabs.co,CTO,event,$6k/mo,Car dealership wanting a lead chatbot. Not your usual client but we have money to spend.
L-9001,,,,,,,,,,
L-1236,06/28/2024,Chloe,chloe@nimblelabs.africa,NimbleLabs,,www.nimblelabs.africa,,cold reply,,"Offering offshore dev team at $5/hr, interested?"
L-1239,2024-6-27,Victor,victor@nimblegtm.agency,NimbleGTM,76-96,http://nimblegtm.agency,Founder,referral,15k/mo,Looking into automating summarizing call recordings into CRM notes. Decision in about a month. Budget not locked yet.
L-1175,07-06-2024,,lead@leveragemasons.africa,LeverageMasons,43,,Head of Ops,event,$6-8k,Curious about automating copy-pasting data between spreadsheets and HubSpot. Would need to loop in the team. Have some budget.
L-1198,2024-06-09,Marcus,marcus@apexloop.ng,Apexloop,71,www.apexloop.ng,Head of Growth,webform,12k/mo,Looking into automating enriching and scoring leads one by one. Decision in about a month. Budget not locked yet.
L-1308,09-06-2024,Kwame,kwame@brightgtm.io,BrightGTM,~35,http://brightgtm.io,Owner,referral,5k-7k,"We're a media buying agency, 40 people. Pacing ad budgets across dozens of accounts manually is eating our week. Want it automated end to end. Budget approved, want to start this month. "
L-1389,06/19/2024,Ken,ken@earlystage.co,EarlyStage,,earlystage.co,Recruiter,referral,,Are you hiring developers? I'd love to join your team.
1416,01-06-2024,Ahmed N.,ahmedn@meridianly.co,Meridianly,9,www.meridianly.co,Student,linkedin,,"Doing a university project on AI agencies in Africa, can I interview your founder? Not a client."
L-1488,06/10/2024,Peter,peter@performengine.co,PerformEngine,,http://performengine.co,VP Growth,referral,"5,000/mo","We're a email marketing agency, 30 people. Stitching together reporting for 40+ clients is eating our week. Want it automated end to end. Budget approved, want to start this month. I make the call here."
L-1069,06/12/2024,aisha n.,aishan@growthworks.ng,GrowthWorks,72,www.growthworks.ng,Head of RevOps,webform,18k,"We're a social media agency, 28 people. Triaging a flooded shared inbox is eating our week. Want it automated end to end. Budget approved, want to start this month. This is my priority to solve."
header,lead_id,name,email,company,employees,website,title,source,budget,notes
L-1153,03-06-2024,Ola,ola[at]growthmedia.agency,GrowthMedia,65-85,www.growthmedia.agency,VP Ops,webform,TBD,We're a content agency. Want to embed a dev for internal tools. Interested but vague on scope.
L-1133,6/5/24,Precious,precious@brightpods.io,BrightPods,,www.brightpods.io,COO,webform,"$8,000/mo","SaaS company (not an agency) that wants AI ops help. Budgeted, serious."
L-1456,6/16/24,Victor,victor@trialsco.ng,TrialsCo,1,trialsco.ng,,webform,,VC here — wanting to intro you to a few portfolio companies. Not a direct buyer.
L-1350,06/16/2024,Seun M.,seunm@demandmedia.africa,DemandMedia,~34,demandmedia.africa,Founder,webform,$14k/mo,Interested in automating stitching together reporting for 40+ clients. Would need to loop in the team. Price sensitive.
1075,01-06-2024,Obi,obi@leverageside,Leverageside,40-60,leverageside.agency,VP Growth,event,,We're a PPC agency. Want to automate lead routing. Wont share budget yet — depends what you can do.
1386,24-06-2024,Rachel,rachel@trials.agency,Trials,1,trials.agency,,webform,,"We sell high-DA backlinks, partner with us and rank #1 guaranteed. Reply STOP to opt out."
L-1317,2024-06-11,Ola,ola@freelanceco.agency,FreelanceCo,,freelanceco.agency,,referral,,"Cheap SMM panel, buy followers and likes, DM for rates."
L-1365,Jun 3 2024,Emeka,emeka@luxautoco.agency,LuxAutoCo,,,Owner,webform,,"freelance marketer, would love to learn but can't really pay right now. maybe later."
L-1338,Jun 22 2024,Precious,precious@onbrandmasons.co,OnBrandMasons,8,www.onbrandmasons.co,VP Growth,referral,"$8,500","We're a performance marketing agency, 60 people. Manual lead routing so hot leads go stale is eating our week. Want it automated end to end. Budget approved, keen to move fast. "
L-1234,25-06-2024,Priya,priya@demandgen.ng,Demandgen,1,demandgen.ng,Developer,linkedin,,Not looking to buy — I'm a developer looking for a role. Attaching my CV.
L-1275,,Tobi,tobi@performhive.io,Performhive,77,performhive.io,Head of Growth,webform,,We're a email marketing agency. Want to add an AI service line for clients. Interested but vague on scope.
L-1393,6/7/24,Nneka,nneka@performgen.agency,Performgen,,www.performgen.agency,,cold reply,,"hi! CS student, i love what you do. could you send a free template or resources? not looking to buy, just learning :)"
L-1313,6/13/24,,lead@luxautoco.co,LuxAutoCo,,www.luxautoco.co,Freelancer,webform,0,"very early startup, 3 people, no real budget yet but sharp and might grow."
asdf,2024-05-28,asdf,asdf@asdf.com,asdf,asdf,asdf,asdf,test,asdf,test test ignore this
1284,Jun 28 2024,Diana A.,dianaa@northhive.co,Northhive,,,Owner,event,8k-12k,Exploring automating qualifying inbound leads before they hit the reps. Not totally sure what we need yet. Budget not locked yet.
L-1212,06/02/2024,tunde b.,tundeb@revreach.co,RevReach,72-92,http://revreach.co,Head of Growth,webform,6k,Exploring automating pacing ad budgets across dozens of accounts manually. Decision in about a month. Have some budget.
L-1265,28-06-2024,Precious,precious@demandsend.agency,DemandSend,11,www.demandsend.agency,CEO,webform,$11k/mo,Looking into automating pacing ad budgets across dozens of accounts manually. Comparing a few options. Budget not locked yet.
L-1261,6/8/24,Sam,sam@cladwellworks.io,CladwellWorks,,cladwellworks.io,Owner,referral,,"Fellow agency owner here, mostly researching the market."
L-1339,2024-6-20,Femi,femi@cladwellengine.africa,CladwellEngine,46+,cladwellengine.africa,COO,webform,8k-12k,"We're a appointment-setting agency, 47 people. Researching prospects and drafting first-touch messages is eating our week. Want it automated end to end. Budget approved, want to start this month. Decision is mine."
L-1026,23-06-2024,Ken,ken@meridianreach.io,MeridianReach,~16,www.meridianreach.io,Head of Growth,event,,We're a ecommerce marketing agency. Want to add an AI service line for clients. Interested but vague on scope.
L-1227,2024-06-01,Fatima,fatima@revsend.ng,RevSend,21,revsend.ng,Head of Ops,cold reply,$6k/mo,Looking into automating copy-pasting data between spreadsheets and HubSpot. Would need to loop in the team. Budget not locked yet.
L-1487,2024-6-4,kunle,kunle@contentgtm.agency,ContentGTM,36,http://contentgtm.agency,Director of Ops,webform,$6-8k,Exploring automating summarizing call recordings into CRM notes. Comparing a few options. Budget not locked yet.
L-1301,13-06-2024,Sara,sara[at]upshiftmasons.io,UpshiftMasons,7+,www.upshiftmasons.io,Head of Ops,webform,,Curious about automating stitching together reporting for 40+ clients. Comparing a few options. Price sensitive.
L-1057,2024-6-17,Meredith M.,meredithm@salespodsmason.io,SalespodsMasons,35,,Managing Partner,referral,,We're a performance marketing agency. Want to embed a dev for internal tools. Interested but vague on scope.
L-1023,,Ruth,ruth@pipeside,Pipeside,~51,www.pipeside.agency,Head of Growth,event,"$8,500",Exploring automating qualifying inbound leads before they hit the reps. Decision in about a month. 
1473,2024-6-12,Rita M.,ritam@freelance.io,Freelance,1,freelance.io,,referral,,"We sell high-DA backlinks, partner with us and rank #1 guaranteed. Reply STOP to opt out."
1282,6/2/24,Uche,uche@brightline.io,Brightline,8,,COO,webform,"$9,000","We're an ecom brand, not an agency, but we want an embedded dev for internal AI tools. Real budget."
L-1188,28-06-2024,Lena,lena@omnigtm.co,OmniGTM,36,www.omnigtm.co,VP Growth,referral,4000,Looking into automating pacing ad budgets across dozens of accounts manually. Not totally sure what we need yet. 
L-1475,2024-06-13,Tayo,tayo@trials.io,Trials,1,http://trials.io,Student,cold reply,,"Journalist writing about the AI automation space, looking for a quote."
1154,6/23/24,Fatima,fatima@scaleline.agency,Scaleline,29+,scaleline.agency,Head of RevOps,cold reply,"$9,000","We're a cold email agency, 26 people. Qualifying inbound leads before they hit the reps is eating our week. Want it automated end to end. Budget approved, keen to move fast. This is my priority to solve."
L-1179,6/23/24,Sam,sam@omnihive.com,Omnihive,,omnihive.com,Founder,referral,,"I actually run a competing automation agency, just seeing how you package your offer. Not a buyer."
L-1125,08-06-2024,Chloe,chloe@salespodsly.ng,Salespodsly,,salespodsly.ng,Freelancer,referral,2000,"very early startup, 5 people, no real budget yet but sharp and might grow."
L-1159,06/25/2024,Grace,grace@onbrandforge.ng,OnBrandforge,61-81,www.onbrandforge.ng,VP Growth,cold reply,$11k/mo,Interested in automating moving leads between Apollo and the CRM by hand. Decision in about a month. Price sensitive.
L-1217,06/16/2024,Gbenga,gbenga@rankfast.co,RankFast,,,Freelancer,webform,500,"freelance marketer, would love to learn but can't really pay right now. maybe later."
L-1303,6/27/24,Ivan,ivan@luxautoco.agency,LuxAutoCo,1,www.luxautoco.agency,Owner,webform,,"small local business, not an agency, wants a cheap chatbot. budget way below range."
L-1500,Jun 7 2024,Ngozi,ngozi@luxauto.com,LuxAuto,53+,www.luxauto.com,Founder,event,$4k/mo,Car dealership wanting a lead chatbot. Not your usual client but we have money to spend.
1425,06/28/2024,rachel m.,rachelm@reachgen.io,Reachgen,21,www.reachgen.io,VP Growth,webform,,Interested in automating researching prospects and drafting first-touch messages. Comparing a few options. 
L-1446,2024-06-18,Josh,josh@smallbizco.com,SmallBizCo,1,smallbizco.com,,linkedin,,"You have WON $1,000,000!!! Click here to claim."
1344,06/27/2024,Meredith,meredith@brightmasons.co,BrightMasons,4,,,linkedin,,"Cheap SMM panel, buy followers and likes, DM for rates."
L-1258,06/03/2024,Blessing,blessing@nimblely.co,Nimblely,17,www.nimblely.co,VP Growth,cold reply,$7k,Exploring automating enriching and scoring leads one by one. Not totally sure what we need yet. Budget not locked yet.
L-1067,Jun 16 2024,Chinelo O.,chineloo@nimbleworks.com,NimbleWorks,2,nimbleworks.com,,linkedin,,"You have WON $1,000,000!!! Click here to claim."
L-1047,2024-06-04,Yemi,yemi@growthbound.com,Growthbound,8,growthbound.com,,webform,,"Selling a bulk email blasting service, want to partner?"
L-1378,2024-6-5,David,david@contentmedia.africa,ContentMedia,59,contentmedia.africa,Head of RevOps,webform,TBD,We're a full-service marketing agency. Want to automate lead routing. Not sure who signs off internally.
L-1076,2024-6-27,Lola,lola@growthside.co,Growthside,,,Consultant,referral,0,"very early startup, 5 people, no real budget yet but sharp and might grow."
L-1486,2024-06-21,Ruth O.,rutho@growthhive.ng,Growthhive,73,http://growthhive.ng,Head of Ops,linkedin,"$8,500","We're a performance marketing agency, 26 people. Researching prospects and drafting first-touch messages is eating our week. Want it automated end to end. Budget approved, ready to pilot in the next 2 weeks. I make the call here."
L-1331,06/13/2024,Ruth,ruth@salespodsworks.africa,SalespodsWorks,55,http://salespodsworks.africa,Founder,webform,8k,Interested in automating triaging a flooded shared inbox. Comparing a few options. Budget not locked yet.
L-1041,06/10/2024,Daniel N.,danieln@freelance.co,Freelance,1,freelance.co,,referral,,"We have automation devs on our bench, would love to place candidates with you."
1364,05-06-2024,,lead@reachmasons.co,ReachMasons,48+,www.reachmasons.co,Managing Partner,linkedin,$11k/mo,"We're a ecommerce marketing agency, 13 people. Stitching together reporting for 40+ clients is eating our week. Want it automated end to end. Budget approved, decision this month. Decision is mine."
L-1184,06/26/2024,Lena O.,lenao@advergereach.co,AdvergeReach,~45,advergereach.co,VP Ops,webform,TBD,We're a full-service marketing agency. Want to automate lead routing. Wont share budget yet — depends what you can do.
L-1397,17-06-2024,Fatima,fatima@omniengine.co,OmniEngine,,,Head of Ops,webform,5k-7k,"We're a content agency, 39 people. Researching prospects and drafting first-touch messages is eating our week. Want it automated end to end. Budget approved, want to start this month. I make the call here."
1186,6/1/24,Samir,samir@brightloop.agency,Brightloop,1,http://brightloop.agency,Developer,webform,,Not looking to buy — I'm a developer looking for a role. Attaching my CV.
1233,Jun 27 2024,Amaka,amaka@apexsend.co,ApexSend,25+,www.apexsend.co,Managing Partner,webform,16k/mo,Exploring automating pacing ad budgets across dozens of accounts manually. Decision in about a month. Budget not locked yet.
L-1427,6/5/24,,lead@brightpathline.co,Brightpathline,57+,http://brightpathline.co,VP Ops,linkedin,12k/mo,"We're a full-service marketing agency, 22 people. Qualifying inbound leads before they hit the reps is eating our week. Want it automated end to end. Budget approved, want to start this month. "
L-1319,24-06-2024,David,david@scaleecom.co,ScaleEcom,,www.scaleecom.co,Head of Growth,linkedin,TBD,Exploring automating building client reports across 6 tools every week. Would need to loop in the team. 
L-1346,Jun 7 2024,Nkechi,nkechi@pipehive.ng,Pipehive,6+,http://pipehive.ng,Head of Growth,webform,18k,"We're a content agency, 56 people. Moving leads between apollo and the crm by hand is eating our week. Want it automated end to end. Budget approved, want to start this month. "
1228,2024-06-23,,lead@meridianreach.co,MeridianReach,52+,meridianreach.co,VP Growth,webform,$6-8k,Interested in automating manual lead routing so hot leads go stale. Not totally sure what we need yet. 
L-1247,6/19/24,Ivan,ivan@,TalentPoolCo,,,Freelancer,referral,0,"solo consultant wanting to automate my own outreach. tiny budget, one-man shop."
L-1110,13-06-2024,Nneka,nneka@advergeside.co,Advergeside,28-48,http://advergeside.co,Head of Ops,webform,8k-12k,Exploring automating summarizing call recordings into CRM notes. Decision in about a month. Price sensitive.
L-1169,11-06-2024,Yemi,yemi@scaleside.com,Scaleside,,scaleside.com,VP Ops,linkedin,depends,We're a recruitment marketing agency. Want to automate lead routing. Interested but vague on scope.
1405,Jun 28 2024,Peter,peter@stackreach.co,StackReach,~41,www.stackreach.co,Managing Director,linkedin,depends,We're a influencer marketing agency. Want to automate lead routing. Not sure who signs off internally.
L-1322,06/28/2024,Gbenga,gbenga@omnilabs.agency,OmniLabs,26,,Managing Partner,linkedin,$11k/mo,Curious about automating researching prospects and drafting first-touch messages. Decision in about a month. Price sensitive.
L-1283,Jun 24 2024,Victor,victor@growthly.com,Growthly,66+,growthly.com,Founder,webform,TBD,Looking into automating enriching and scoring leads one by one. Would need to loop in the team. Have some budget.
L-1016,15-06-2024,Nkechi,nkechi@upshiftline.co,Upshiftline,4,upshiftline.co,Partner,webform,,VC here — wanting to intro you to a few portfolio companies. Not a direct buyer.
L-1174,Jun 18 2024,Rita,rita@reachgtm.agency,ReachGTM,35,http://reachgtm.agency,Managing Director,webform,"5,000/mo","We're a B2B marketing agency, 18 people. Stitching together reporting for 40+ clients is eating our week. Want it automated end to end. Budget approved, decision this month. I make the call here."
L-1328,2024-6-4,,lead@northforge.com,Northforge,5,northforge.com,Freelancer,referral,2000,"freelance marketer, would love to learn but can't really pay right now. maybe later."
L-1342,,Ahmed M.,ahmedm@advergelabs.ng,AdvergeLabs,33,advergelabs.ng,Head of Ops,webform,$11k/mo,"We're a B2B marketing agency, 47 people. Pacing ad budgets across dozens of accounts manually is eating our week. Want it automated end to end. Budget approved, want to start this month. "
L-1372,2024-6-7,Tunde,tunde@growthworks.com,GrowthWorks,,growthworks.com,Partner,referral,,This is a newsletter signup that ended up in the leads sheet by mistake.
L-9004,2024-06-05,Marcus,marcus@,BlankCo,,,,cold reply,,broken email. one line: 'call me'.
1034,Jun 2 2024,Sara K.,sarak@performforge.co,Performforge,1,,Consultant,referral,2000,"small local business, not an agency, wants a cheap chatbot. budget way below range."
L-1279,2024-06-03,Ola,ola@scaleecom.agency,ScaleEcom,71+,scaleecom.agency,Managing Director,webform,"$8,000/mo",Interested in automating pacing ad budgets across dozens of accounts manually. Not totally sure what we need yet. Price sensitive.
L-1444,6/5/24,Sophie,sophie@outlook.com,,4,,Owner,event,0,"freelance marketer, would love to learn but can't really pay right now. maybe later."
L-1458,6/27/24,Kwame,kwame@brighthive.io,Brighthive,7-27,,CEO,linkedin,12k/mo,Curious about automating pacing ad budgets across dozens of accounts manually. Decision in about a month. Budget not locked yet.
L-1359,2024-6-26,Victor,victor@nimblehive.agency,Nimblehive,50+,http://nimblehive.agency,Director of Ops,webform,,Curious about automating enriching and scoring leads one by one. Would need to loop in the team. 
L-1010,6/23/24,Farida O.,faridao@pipebound.co,Pipebound,55-75,pipebound.co,COO,referral,,We're a growth agency. Want to embed a dev for internal tools. Not sure who signs off internally.
L-1027,21-06-2024,Sara,sara@trials.co,Trials,,http://trials.co,,cold reply,,"You have WON $1,000,000!!! Click here to claim."
L-1496,04-06-2024,Farida,farida@earlystagelabs.agency,EarlyStageLabs,1,www.earlystagelabs.agency,,referral,,"Selling a bulk email blasting service, want to partner?"
L-1216,2024-06-06,Farida,weird-email-no-domain,VagueCorpLabs,8,http://vaguecorplabs.io,,webform,,bootcamp grad wanting to learn — is there any free material or mentorship?
L-1045,2024-06-11,Grace K.,gracek@labs.africa,Labs,3,http://labs.africa,Student,linkedin,,"final year student doing a project on AI automation, can you share how you built your systems?"
L-1430,6/5/24,Grace,grace@luxautoco.africa,LuxAutoCo,67-87,,Founder,webform,8k-12k,"We're an ecom brand, not an agency, but we want an embedded dev for internal AI tools. Real budget."
L-1117,Jun 7 2024,Precious,precious@apexly.agency,Apexly,25+,apexly.agency,VP Growth,webform,depends,We're a GTM agency. Want to embed a dev for internal tools. Wont share budget yet — depends what you can do.
L-1410,2024-6-2,Blessing,weird-email-no-domain,Leadline,,http://leadline.africa,Student,event,,"final year student doing a project on AI automation, can you share how you built your systems?"
L-1469,2024-06-21,Ifeanyi M.,ifeanyim@nimblesend.com,NimbleSend,59,www.nimblesend.com,COO,event,5k-7k,Looking into automating stitching together reporting for 40+ clients. Decision in about a month. Budget not locked yet.
L-1147,02-06-2024,David,david@northsend.co,NorthSend,~65,,Director of Ops,referral,,We're a social media agency. Want to embed a dev for internal tools. Not sure who signs off internally.
L-1015,06/24/2024,Grace N.,gracen@vaguecorp.co,VagueCorp,1,vaguecorp.co,Student,referral,,"Journalist writing about the AI automation space, looking for a quote."
L-1182,03-06-2024,Obi,obi@upshiftly.io,Upshiftly,~41,upshiftly.io,Director of Ops,cold reply,6k,"We're a GTM agency, 12 people. Stitching together reporting for 40+ clients is eating our week. Want it automated end to end. Budget approved, keen to move fast. "
L-1164,15-06-2024,Fatima,fatima@,PerformReach,1,,,referral,,"Selling a bulk email blasting service, want to partner?"
L-1451,2024-06-01,Ahmed B.,ahmedb@revhive.ng,Revhive,52,revhive.ng,Head of RevOps,linkedin,8k,"We're a growth agency, 14 people. Chasing follow-ups across email and whatsapp is eating our week. Want it automated end to end. Budget approved, keen to move fast. Decision is mine."
L-1343,,Grace,grace@brightlabs.com,BrightLabs,,brightlabs.com,Consultant,cold reply,500,"small local business, not an agency, wants a cheap chatbot. budget way below range."
1123,,Nneka,nneka@leveragely.agency,Leveragely,13-33,,Owner,linkedin,,Exploring automating pacing ad budgets across dozens of accounts manually. Comparing a few options. Budget not locked yet.
L-1071,2024-6-12,Sam A.,sama@vaguecorp.co,VagueCorp,1,www.vaguecorp.co,,webform,,"Cheap SMM panel, buy followers and likes, DM for rates."
L-1460,06/25/2024,Sara A.,saraa@salespodshive.africa,Salespodshive,65+,,CTO,linkedin,12k/mo,"SaaS company (not an agency) that wants AI ops help. Budgeted, serious."
L-1305,2024-06-02,Ivan,ivan@reachmedia.africa,ReachMedia,~7,,Head of Ops,linkedin,,Exploring automating researching prospects and drafting first-touch messages. Comparing a few options. 
1156,,Seun,seun@contentmasons.co,ContentMasons,1,http://contentmasons.co,Recruiter,referral,,"We have automation devs on our bench, would love to place candidates with you."
L-1004,2024-6-5,Tayo,tayo@scaleengine.co,ScaleEngine,66+,,COO,event,5k-7k,Looking into automating triaging a flooded shared inbox. Decision in about a month. 
L-1226,2024-06-26,Kelechi,kelechi@smallbizlabs.co,SmallBizLabs,,smallbizlabs.co,Student,cold reply,,"hi! CS student, i love what you do. could you send a free template or resources? not looking to buy, just learning :)"
L-1479,6/1/24,Ahmed,ahmed@leverageforge.co,Leverageforge,48+,leverageforge.co,Managing Director,referral,8k-12k,"We're a cold email agency, 26 people. Pacing ad budgets across dozens of accounts manually is eating our week. Want it automated end to end. Budget approved, wants to start ASAP. Decision is mine."
L-1095,6/7/24,Ahmed,ahmed@salespodsgen.io,Salespodsgen,31,www.salespodsgen.io,Owner,referral,5k-7k,"We're a growth agency, 26 people. Copy-pasting data between spreadsheets and hubspot is eating our week. Want it automated end to end. Budget approved, wants to move in 2 weeks. This is my priority to solve."
L-1025,06/19/2024,Ken,ken@apexlabs.co,ApexLabs,11,apexlabs.co,Managing Director,webform,$6-8k,Exploring automating copy-pasting data between spreadsheets and HubSpot. Not totally sure what we need yet. 
L-1394,Jun 13 2024,Kwame,kwame@smallbiz.com,SmallBiz,9,smallbiz.com,Student,referral,,"hi! CS student, i love what you do. could you send a free template or resources? not looking to buy, just learning :)"
L-1299,,Gbenga,gbenga@scalegtm.africa,ScaleGTM,42+,www.scalegtm.africa,Owner,webform,TBD,We're a recruitment marketing agency. Want to automate lead routing. Interested but vague on scope.
L-1325,2024-6-24,Rachel,rachel@,Revhive,16+,www.revhive.africa,Managing Partner,linkedin,,We're a email marketing agency. Want to embed a dev for internal tools. Not sure who signs off internally.
L-1002,6/2/24,Lena O.,lenao@meridianly.co,Meridianly,8,,Head of Growth,referral,5k-7k,Looking into automating researching prospects and drafting first-touch messages. Would need to loop in the team. Have some budget.
L-1050,2024-06-17,Grace,grace@reachsend.com,ReachSend,~6,reachsend.com,VP Ops,webform,$4k/mo,Exploring automating qualifying inbound leads before they hit the reps. Comparing a few options. Have some budget.
L-1262,6/3/24,Meredith,meredith@performgtm.ng,PerformGTM,,www.performgtm.ng,Owner,cold reply,6k,Exploring automating qualifying inbound leads before they hit the reps. Would need to loop in the team. 
1093,2024-06-27,Peter,peter@stackengine.ng,StackEngine,10,stackengine.ng,Director of Ops,webform,depends,We're a appointment-setting agency. Want to add an AI service line for clients. Wont share budget yet — depends what you can do.
1200,Jun 11 2024,Sam,sam@performhive.co,Performhive,,www.performhive.co,Student,webform,,"Journalist writing about the AI automation space, looking for a quote."
L-1051,Jun 23 2024,Priya,priya@rankfast.agency,RankFast,,,Recruiter,referral,,"We have automation devs on our bench, would love to place candidates with you."
1294,2024-6-4,Obi,obi@cladwellbound.ng,Cladwellbound,26,http://cladwellbound.ng,Head of Growth,referral,"10,000","We're a influencer marketing agency, 26 people. Pacing ad budgets across dozens of accounts manually is eating our week. Want it automated end to end. Budget approved, want to start this month. This is my priority to solve."
L-1409,2024-06-23,Maria,maria@salespodsengin.africa,SalespodsEngine,57-77,salespodsengin.africa,Managing Director,linkedin,6k,Looking into automating triaging a flooded shared inbox. Not totally sure what we need yet. 
L-1096,06/10/2024,deji m.,deji m.@scaleforge,Scaleforge,,www.scaleforge.ng,Owner,event,,"I actually run a competing automation agency, just seeing how you package your offer. Not a buyer."
L-1098,2024-6-3,Obi,obi@pipehive.com,Pipehive,74+,pipehive.com,Head of Growth,event,$7k,"We're a PPC agency, 33 people. Researching prospects and drafting first-touch messages is eating our week. Want it automated end to end. Budget approved, want to start this month. "
L-1286,6/14/24,Kunle W.,kunlew@cladwellside.africa,Cladwellside,20,,Managing Director,linkedin,"$8,500","We're a influencer marketing agency, 33 people. Building client reports across 6 tools every week is eating our week. Want it automated end to end. Budget approved, keen to move fast. "
L-1252,6/26/24,Deji,weird-email-no-domain,BrightpathPods,1,www.brightpathpods.co,,event,,"Selling a bulk email blasting service, want to partner?"
L-1246,06/04/2024,Chloe,chloe@salespodsmason.io,SalespodsMasons,71+,http://salespodsmason.io,COO,cold reply,TBD,We're a demand gen agency. Want to automate lead routing. Interested but vague on scope.
L-1208,,Josh,josh@scaleside.ng,Scaleside,47-67,www.scaleside.ng,Head of Ops,webform,TBD,We're a outbound agency. Want to automate lead routing. Not sure who signs off internally.
L-1231,2024-06-06,Tobi N.,tobin@leadly.io,Leadly,1,http://leadly.io,,linkedin,,"hi! CS student, i love what you do. could you send a free template or resources? not looking to buy, just learning :)"
1089,06/11/2024,marcus,marcus@stackgtm.ng,StackGTM,6,www.stackgtm.ng,,webform,,"You have WON $1,000,000!!! Click here to claim."
L-1172,17-06-2024,Meredith,meredith@freelance.co,Freelance,6,freelance.co,Student,referral,,bootcamp grad wanting to learn — is there any free material or mentorship?
L-1495,,Precious,precious@growthmasons.co,GrowthMasons,36,http://growthmasons.co,COO,referral,"10,000",Exploring automating moving leads between Apollo and the CRM by hand. Comparing a few options. Have some budget.
L-1094,Jun 13 2024,kwame,,,,,,referral,,Not looking to buy — I'm a developer looking for a role. Attaching my CV.
L-1348,,Ken,ken@freelancelabs.ng,FreelanceLabs,78,,Marketing Manager,linkedin,"10,000","SaaS company (not an agency) that wants AI ops help. Budgeted, serious."
L-1046,Jun 19 2024,Peter,peter@nimblely.co,Nimblely,,http://nimblely.co,Director of Ops,referral,TBD,We're a social media agency. Want to add an AI service line for clients. Interested but vague on scope.
L-1090,2024-06-08,Rita,rita@smallbiz.africa,SmallBiz,9,,,referral,,Are you hiring developers? I'd love to join your team.
1167,Jun 21 2024,sara n.,saran@salespodsly.co,Salespodsly,,http://salespodsly.co,Freelancer,referral,500,"very early startup, 5 people, no real budget yet but sharp and might grow."
L-1423,2024-6-18,Grace W.,gracew@freelance.africa,Freelance,7,,,event,,Not looking to buy — I'm a developer looking for a role. Attaching my CV.
L-1434,Jun 18 2024,Ken,ken@,MeridianGTM,40,meridiangtm.ng,Managing Director,referral,TBD,We're a lead gen agency. Want to embed a dev for internal tools. Not sure who signs off internally.
L-1415,06/21/2024,,lead@stackmedia.co,StackMedia,68,stackmedia.co,Head of Ops,linkedin,5k-7k,"We're a demand gen agency, 22 people. Copy-pasting data between spreadsheets and hubspot is eating our week. Want it automated end to end. Budget approved, want to start this month. I make the call here."
L-1176,,Ola A.,olaa@salespodsecom.ng,SalespodsEcom,~23,,Head of RevOps,cold reply,,We're a performance marketing agency. Want to embed a dev for internal tools. Interested but vague on scope.
L-1429,2024-06-10,lena,lena@advergesend.co,AdvergeSend,,advergesend.co,Founder,webform,,"I actually run a competing automation agency, just seeing how you package your offer. Not a buyer."
L-1178,2024-6-12,Rachel,rachel@pipesend.ng,PipeSend,~8,pipesend.ng,Head of Growth,linkedin,depends,We're a appointment-setting agency. Want to automate lead routing. Interested but vague on scope.
L-1428,2024-6-12,Ken,ken@brightgtm.com,BrightGTM,62+,brightgtm.com,Founder,webform,TBD,Curious about automating copy-pasting data between spreadsheets and HubSpot. Would need to loop in the team. Budget not locked yet.
L-1437,06/20/2024,Victor W.,victorw@outlook.com,,7,,Student,referral,,bootcamp grad wanting to learn — is there any free material or mentorship?
L-1222,6/23/24,Chinelo,chinelo@freelance.co,Freelance,1,freelance.co,Freelancer,webform,0,"small local business, not an agency, wants a cheap chatbot. budget way below range."
L-1112,Jun 11 2024,Bright,bright@demandecom.co,DemandEcom,,demandecom.co,CEO,event,,Looking into automating manual lead routing so hot leads go stale. Comparing a few options. 
L-1244,Jun 1 2024,Priya O.,priyao@trials.io,Trials,,trials.io,Freelancer,webform,,"freelance marketer, would love to learn but can't really pay right now. maybe later."
L-1183,2024-6-24,Obi,obi@cladwellreach.io,CladwellReach,35-55,cladwellreach.io,Director of Ops,webform,TBD,Interested in automating qualifying inbound leads before they hit the reps. Comparing a few options. Price sensitive.
1333,25-06-2024,Samir,samir@brightside.agency,Brightside,9,http://brightside.agency,Consultant,cold reply,,"very early startup, 2 people, no real budget yet but sharp and might grow."
L-1300,6/2/24,marcus,marcus@scalepods.com,ScalePods,49,,Owner,webform,18k,Interested in automating pacing ad budgets across dozens of accounts manually. Would need to loop in the team. Price sensitive.
L-1363,,Rita,rita@upshiftworks.co,UpshiftWorks,,www.upshiftworks.co,,webform,,"Offering offshore dev team at $5/hr, interested?"
L-1055,06/11/2024,Ivan,ivan@contentgen.io,Contentgen,1,,Freelancer,referral,,"small local business, not an agency, wants a cheap chatbot. budget way below range."
L-1450,06/11/2024,Josh,josh@advergesend.ng,AdvergeSend,11,advergesend.ng,CEO,linkedin,$6-8k,"We're a lead gen agency, 48 people. Researching prospects and drafting first-touch messages is eating our week. Want it automated end to end. Budget approved, wants to move in 2 weeks. "
L-1158-dup,06/19/2024,Nkechi,nkechi@contentecom.ng,ContentEcom,1,,Student,referral,,(duplicate submission) VC here — wanting to intro you to a few portfolio companies. Not a direct buyer.
L-1445,Jun 14 2024,Ahmed K.,ahmedk@scalebound.io,Scalebound,,scalebound.io,Head of Growth,referral,"$8,500","We're a cold email agency, 38 people. Building client reports across 6 tools every week is eating our week. Want it automated end to end. Budget approved, wants to move in 2 weeks. Decision is mine."
L-1082,Jun 11 2024,Peter,peter@brightpathgen.com,Brightpathgen,~46,brightpathgen.com,VP Ops,referral,depends,We're a GTM agency. Want to automate lead routing. Wont share budget yet — depends what you can do.
L-1134,Jun 15 2024,Seun,seun@nimblegtm.co,NimbleGTM,,,,cold reply,,"You have WON $1,000,000!!! Click here to claim."
1080,2024-6-7,Ruth B.,ruthb@scalemasons.ng,ScaleMasons,43-63,www.scalemasons.ng,Head of RevOps,linkedin,"$8,500","We're a cold email agency, 17 people. Pacing ad budgets across dozens of accounts manually is eating our week. Want it automated end to end. Budget approved, keen to move fast. "
L-1091,06/08/2024,Ivan,ivan@upshiftside.co,Upshiftside,,,Head of Ops,cold reply,18k,Looking into automating triaging a flooded shared inbox. Comparing a few options. Price sensitive.
L-1309,Jun 12 2024,Victor,victor@brightpathwork.co,BrightpathWorks,~55,www.brightpathwork.co,Head of RevOps,referral,$11k/mo,"We're a full-service marketing agency, 18 people. Manual lead routing so hot leads go stale is eating our week. Want it automated end to end. Budget approved, wants to start ASAP. This is my priority to solve."
L-1181,Jun 1 2024,femi,femi@salespodsbound.co,Salespodsbound,12,,Owner,linkedin,$6-8k,"We're a lead gen agency, 30 people. Enriching and scoring leads one by one is eating our week. Want it automated end to end. Budget approved, wants to move in 2 weeks. "
L-1277,22-06-2024,sophie,sophie[at]omniside.agency,Omniside,,http://omniside.agency,Owner,referral,,"freelance marketer, would love to learn but can't really pay right now. maybe later."
L-1199,6/24/24,zainab,zainab@upshiftworks.co,UpshiftWorks,,http://upshiftworks.co,CEO,cold reply,"$8,500",Looking into automating summarizing call recordings into CRM notes. Not totally sure what we need yet. Price sensitive.
L-1292,2024-06-26,Nkechi,nkechi@proton.me,,,,Student,linkedin,,"hi! CS student, i love what you do. could you send a free template or resources? not looking to buy, just learning :)"
L-1101,Jun 18 2024,Amaka,amaka@labs.africa,Labs,6,www.labs.africa,Founder,webform,500,"solo consultant wanting to automate my own outreach. tiny budget, one-man shop."
L-1356,06/08/2024,Diana K.,dianak@brightreach.agency,BrightReach,,,Managing Director,linkedin,"$9,000",Exploring automating qualifying inbound leads before they hit the reps. Not totally sure what we need yet. Price sensitive.
L-1062,Jun 22 2024,Kunle,kunle@advergeecom.co,AdvergeEcom,1,http://advergeecom.co,,webform,,"Selling a bulk email blasting service, want to partner?"
L-1203,06/26/2024,Obi,obi@northlabs.agency,NorthLabs,4+,,Owner,webform,"$8,500",(duplicate submission) Looking into automating qualifying inbound leads before they hit the reps. Comparing a few options. 
L-1195,06/09/2024,Uche,uche@salespodsbound.ng,Salespodsbound,54,salespodsbound.ng,COO,referral,$4k/mo,"We're a lead gen agency, 21 people. Enriching and scoring leads one by one is eating our week. Want it automated end to end. Budget approved, keen to move fast. "
L-1459,06/15/2024,Marcus,marcus@performline.com,Performline,67,http://performline.com,Managing Partner,event,"$9,000",Looking into automating researching prospects and drafting first-touch messages. Comparing a few options. Have some budget.
L-1465,10-06-2024,Hannah,hannah@revreach.com,RevReach,41-61,http://revreach.com,VP Ops,cold reply,,Exploring automating qualifying inbound leads before they hit the reps. Not totally sure what we need yet. 
L-1084,06/04/2024,Daniel,daniel@cladwellsend.ng,CladwellSend,1,www.cladwellsend.ng,Founder,event,,"Fellow agency owner here, mostly researching the market."
1431,2024-06-14,Fatima,fatima@contentecom.co,ContentEcom,67,http://contentecom.co,Head of RevOps,cold reply,TBD,We're a appointment-setting agency. Want to embed a dev for internal tools. Interested but vague on scope.
L-1403,06/20/2024,david,david@nimblemasons.io,NimbleMasons,24,www.nimblemasons.io,Founder,referral,,Exploring automating enriching and scoring leads one by one. Decision in about a month. Budget not locked yet.
L-1109,2024-6-11,Sara K.,sarak@reachlabs.africa,ReachLabs,49-69,www.reachlabs.africa,VP Ops,event,16k/mo,Interested in automating manual lead routing so hot leads go stale. Would need to loop in the team. Budget not locked yet.
L-1113,06/24/2024,Diana,diana@northlabs.africa,NorthLabs,50,northlabs.africa,VP Growth,webform,"$8,500","We're a demand gen agency, 30 people. Pacing ad budgets across dozens of accounts manually is eating our week. Want it automated end to end. Budget approved, want to start this month. Decision is mine."
L-1271,2024-06-22,Ifeanyi,ifeanyi@brightgen.co,Brightgen,72+,brightgen.co,Head of Ops,webform,"10,000",Interested in automating manual lead routing so hot leads go stale. Decision in about a month. 
L-1270,26-06-2024,Gbenga,gbenga@nimblemasons.io,NimbleMasons,37+,nimblemasons.io,VP Ops,webform,$6-8k,"We're a content agency, 57 people. Enriching and scoring leads one by one is eating our week. Want it automated end to end. Budget approved, keen to move fast. Decision is mine."
L-1036,2024-06-27,Victor,victor@rankfast.co,RankFast,,http://rankfast.co,,webform,,"Cheap SMM panel, buy followers and likes, DM for rates."
L-1313-dup,2024-06-18,,lead@luxautoco.co,LuxAutoCo,,www.luxautoco.co,Freelancer,webform,0,"(duplicate submission) very early startup, 3 people, no real budget yet but sharp and might grow."
L-1230,6/10/24,Nneka,nneka@cladwellpods.io,CladwellPods,~76,http://cladwellpods.io,Head of RevOps,cold reply,"10,000","We're a performance marketing agency, 49 people. Chasing follow-ups across email and whatsapp is eating our week. Want it automated end to end. Budget approved, wants to start ASAP. I make the call here."
L-1108-dup,2024-6-6,Kunle,kunle[at]meridianbound.com,Meridianbound,,http://meridianbound.com,Head of Growth,webform,15k/mo,(duplicate submission) Curious about automating pacing ad budgets across dozens of accounts manually. Comparing a few options. Have some budget.
L-1347,,Lola,lola@cladwellsend.ng,CladwellSend,41-61,www.cladwellsend.ng,VP Growth,webform,$7k,"We're a email marketing agency, 57 people. Triaging a flooded shared inbox is eating our week. Want it automated end to end. Budget approved, keen to move fast. I make the call here."
1382,Jun 27 2024,Hannah,hannah@onbrandloop.co,OnBrandloop,14,http://onbrandloop.co,COO,linkedin,"10,000",Curious about automating triaging a flooded shared inbox. Would need to loop in the team. Budget not locked yet.
L-1224,2024-06-09,Ada,ada@upshiftly.ng,Upshiftly,31+,,VP Growth,referral,TBD,We're a ecommerce marketing agency. Want to add an AI service line for clients. Wont share budget yet — depends what you can do.
L-1122,Jun 1 2024,Marcus,marcus@pipepods.ng,PipePods,,,,webform,,"You have WON $1,000,000!!! Click here to claim."
1392,10-06-2024,Ivan,ivan@reachmedia.co,ReachMedia,1,www.reachmedia.co,,referral,,"We sell high-DA backlinks, partner with us and rank #1 guaranteed. Reply STOP to opt out."
L-1275,2024-6-4,Tobi,tobi@performhive.io,Performhive,77,performhive.io,Head of Growth,webform,,(duplicate submission) We're a email marketing agency. Want to add an AI service line for clients. Interested but vague on scope.
L-1480,10-06-2024,Marcus N.,marcusn@scaleecom.io,ScaleEcom,19+,scaleecom.io,CEO,linkedin,5k-7k,Exploring automating enriching and scoring leads one by one. Would need to loop in the team. Have some budget.
L-1158,6/28/24,Nkechi,nkechi@contentecom.ng,ContentEcom,1,,Student,referral,,VC here — wanting to intro you to a few portfolio companies. Not a direct buyer.
L-1489,6/19/24,Ola,ola@trialsco.io,TrialsCo,,trialsco.io,Partner,referral,,VC here — wanting to intro you to a few portfolio companies. Not a direct buyer.
L-1238,2024-6-27,Meredith,meredith@salespodshive.ng,Salespodshive,74-94,,COO,webform,TBD,Looking into automating moving leads between Apollo and the CRM by hand. Not totally sure what we need yet. Budget not locked yet.
L-1024,Jun 25 2024,Tayo,tayo@salespodspods.africa,SalespodsPods,,www.salespodspods.africa,COO,webform,$7k,Curious about automating summarizing call recordings into CRM notes. Not totally sure what we need yet. 
L-1463,03-06-2024,Ahmed,ahmed@scaleloop.co,Scaleloop,39,scaleloop.co,Head of RevOps,cold reply,4000,Looking into automating stitching together reporting for 40+ clients. Not totally sure what we need yet. Price sensitive.
L-1060,2024-06-19,Ngozi,ngozi@brightly.africa,Brightly,75+,http://brightly.africa,Owner,webform,8k,"We're a B2B marketing agency, 16 people. Enriching and scoring leads one by one is eating our week. Want it automated end to end. Budget approved, wants to move in 2 weeks. This is my priority to solve."
L-1462,14-06-2024,Ken,ken@earlystageco.io,EarlyStageCo,1,http://earlystageco.io,Founder,cold reply,2000,"very early startup, 4 people, no real budget yet but sharp and might grow."
L-1001,6/6/24,Zara,weird-email-no-domain,BrightLabs,,www.brightlabs.com,Owner,webform,,"freelance marketer, would love to learn but can't really pay right now. maybe later."
1482,,,lead[at]earlystage.co,EarlyStage,1,earlystage.co,Developer,linkedin,,Not looking to buy — I'm a developer looking for a role. Attaching my CV.
1374,2024-6-8,Peter,peter@talentpool.io,TalentPool,1,,Developer,webform,,"We have automation devs on our bench, would love to place candidates with you."
L-1464,03-06-2024,kwame,kwame@scalemedia.co,ScaleMedia,,,Head of Ops,cold reply,"$8,000/mo","We're a outbound agency, 21 people. Triaging a flooded shared inbox is eating our week. Want it automated end to end. Budget approved, ready to pilot in the next 2 weeks. "
L-1142,2024-6-25,Daniel,daniel@stackforge.ng,Stackforge,48,www.stackforge.ng,Head of Ops,linkedin,8k,Exploring automating triaging a flooded shared inbox. Comparing a few options. 
L-1287,6/21/24,marcus,marcus@apexline.co,Apexline,10,www.apexline.co,,webform,,VC here — wanting to intro you to a few portfolio companies. Not a direct buyer.
1197,2024-06-19,Blessing,blessing@contentsend.africa,ContentSend,28,http://contentsend.africa,Managing Partner,webform,"5,000/mo",Looking into automating copy-pasting data between spreadsheets and HubSpot. Not totally sure what we need yet. 
L-1065,Jun 15 2024,Tobi,tobi@stackside.co,Stackside,,http://stackside.co,Owner,event,,"Fellow agency owner here, mostly researching the market."
L-1312,06/14/2024,Chinelo,chinelo@brightforge.agency,Brightforge,70+,www.brightforge.agency,CEO,event,"10,000","We're a PPC agency, 29 people. Qualifying inbound leads before they hit the reps is eating our week. Want it automated end to end. Budget approved, wants to start ASAP. "
L-1135,06/09/2024,Kunle,kunle@northgen.com,Northgen,41,,VP Growth,cold reply,"$8,000/mo",Exploring automating summarizing call recordings into CRM notes. Decision in about a month. Budget not locked yet.
L-1298,Jun 11 2024,Lena,lena@salespodsengin.ng,SalespodsEngine,62+,http://salespodsengin.ng,Director of Ops,webform,5k-7k,Interested in automating moving leads between Apollo and the CRM by hand. Decision in about a month. Budget not locked yet.
L-1144,2024-06-28,Ruth,ruth@cladwellsend.africa,CladwellSend,1,,Owner,event,,We do similar work — curious about your pricing for benchmarking.
L-1111,6/5/24,peter,peter@scalemedia.agency,ScaleMedia,62-82,http://scalemedia.agency,Managing Partner,referral,$14k/mo,"We're a email marketing agency, 20 people. Researching prospects and drafting first-touch messages is eating our week. Want it automated end to end. Budget approved, this is a priority for the quarter. I make the call here."
L-1053,14-06-2024,Nadia,nadia@omnipods.io,OmniPods,,omnipods.io,Head of Growth,referral,"5,000/mo",Exploring automating chasing follow-ups across email and WhatsApp. Comparing a few options. Price sensitive.
L-1079,06/15/2024,Kwame W.,kwamew@salespodspods.io,SalespodsPods,~21,http://salespodspods.io,Head of Growth,cold reply,"5,000/mo",Interested in automating summarizing call recordings into CRM notes. Not totally sure what we need yet. 
L-1351,2024-06-03,Rita,rita@scaleengine.com,ScaleEngine,7,scaleengine.com,Founder,webform,15k/mo,"SaaS company (not an agency) that wants AI ops help. Budgeted, serious."
L-1447,07-06-2024,Zara N.,zaran@brightpathly.com,Brightpathly,19+,brightpathly.com,VP Growth,linkedin,TBD,We're a email marketing agency. Want to embed a dev for internal tools. Interested but vague on scope.
L-1131,10-06-2024,Yemi O.,yemio@luxautoco.com,LuxAutoCo,,luxautoco.com,Partner,referral,,This is a newsletter signup that ended up in the leads sheet by mistake.
L-1390,Jun 18 2024,,lead@smallbizlabs.com,SmallBizLabs,1,http://smallbizlabs.com,Recruiter,cold reply,,Are you hiring developers? I'd love to join your team.
L-1189,Jun 21 2024,Victor,victor@revsend.io,RevSend,23,www.revsend.io,VP Growth,referral,TBD,We're a email marketing agency. Want to embed a dev for internal tools. Wont share budget yet — depends what you can do.
1157,6/6/24,Ola,ola@rankfastco.agency,RankFastCo,3,,Student,linkedin,,bootcamp grad wanting to learn — is there any free material or mentorship?
L-1219,6/25/24,Farida,farida@brightlabs.ng,BrightLabs,15-35,brightlabs.ng,Managing Director,event,8k-12k,"We're a content agency, 47 people. Triaging a flooded shared inbox is eating our week. Want it automated end to end. Budget approved, keen to move fast. "
1432,19-06-2024,Precious A.,preciousa@brightpathpods.co,BrightpathPods,1,,Partner,cold reply,,VC here — wanting to intro you to a few portfolio companies. Not a direct buyer.
L-1485,,Priya,priya@upshiftgen.agency,Upshiftgen,35,,Head of Ops,webform,$7k,"We're a content agency, 40 people. Enriching and scoring leads one by one is eating our week. Want it automated end to end. Budget approved, want to start this month. "
1099,06/16/2024,Rita,rita@performgtm.io,PerformGTM,6,performgtm.io,Developer,event,,"We have automation devs on our bench, would love to place candidates with you."
1472,,Farida,farida@smallbizlabs.africa,SmallBizLabs,3,,Recruiter,webform,,Are you hiring developers? I'd love to join your team.
L-1177,2024-6-7,Amaka,amaka@brightmasons.co,BrightMasons,1,,,event,,This is a newsletter signup that ended up in the leads sheet by mistake.
L-1116,06/23/2024,Meredith,meredith@salespodshive.com,Salespodshive,47+,http://salespodshive.com,VP Ops,referral,8k,"We're a SEO agency, 19 people. Copy-pasting data between spreadsheets and hubspot is eating our week. Want it automated end to end. Budget approved, this is a priority for the quarter. Decision is mine."
L-1180,14-06-2024,sophie,sophie[at]contentecom.com,ContentEcom,,contentecom.com,Owner,referral,,We do similar work — curious about your pricing for benchmarking.
L-1295,06/12/2024,Priya,priya@brightpathreac.co,BrightpathReach,~61,www.brightpathreac.co,Managing Director,referral,15k/mo,"We're a full-service marketing agency, 24 people. Building client reports across 6 tools every week is eating our week. Want it automated end to end. Budget approved, decision this month. "
L-9003,2024-06-04,Unknown,weird-email-no-domain,Mystery,,,,webform,,"email is garbage. note: 'saw your ad, what do you charge?'"
L-1240,2024-6-20,Tunde,tunde@revly.agency,Revly,29,revly.agency,Head of RevOps,linkedin,$14k/mo,"We're a SEO agency, 28 people. Chasing follow-ups across email and whatsapp is eating our week. Want it automated end to end. Budget approved, keen to move fast. This is my priority to solve."
L-1032,14-06-2024,Peter B.,peterb@freelance.co,Freelance,34+,freelance.co,Founder,webform,16k/mo,Car dealership wanting a lead chatbot. Not your usual client but we have money to spend.
L-1393,2024-6-2,Nneka,nneka@performgen.agency,Performgen,,www.performgen.agency,,cold reply,,"(duplicate submission) hi! CS student, i love what you do. could you send a free template or resources? not looking to buy, just learning :)"
1306,6/19/24,Chinelo,chinelo@onbrandecom.africa,OnBrandEcom,20,onbrandecom.africa,Director of Ops,linkedin,"$8,500",Interested in automating copy-pasting data between spreadsheets and HubSpot. Comparing a few options. Price sensitive.
1448,6/12/24,Nkechi,nkechi@salespodslabs.co,SalespodsLabs,29+,www.salespodslabs.co,Head of Growth,linkedin,$11k/mo,"We're a demand gen agency, 50 people. Pacing ad budgets across dozens of accounts manually is eating our week. Want it automated end to end. Budget approved, wants to move in 2 weeks. I make the call here."
L-1276,6/19/24,Diana,diana@revbound.africa,Revbound,19-39,revbound.africa,Founder,webform,depends,We're a appointment-setting agency. Want to automate lead routing. Interested but vague on scope.
L-1399,05-06-2024,Hannah,hannah@reachforge.africa,Reachforge,35-55,reachforge.africa,Owner,linkedin,TBD,Exploring automating triaging a flooded shared inbox. Would need to loop in the team. Have some budget.
L-1103,12-06-2024,samir,samir@apexsend.co,ApexSend,58-78,,CEO,cold reply,,We're a PPC agency. Want to add an AI service line for clients. Interested but vague on scope.
L-1097,Jun 10 2024,Aisha,aisha@cladwellengine,CladwellEngine,1,cladwellengine.co,,referral,,"Cheap SMM panel, buy followers and likes, DM for rates."
L-1379,6/13/24,Emeka B.,emekab@cladwelllabs.io,CladwellLabs,,,,webform,,Not looking to buy — I'm a developer looking for a role. Attaching my CV.
L-1478,6/13/24,Precious,precious@cladwellco.africa,CladwellCo,,cladwellco.africa,Owner,referral,,"freelance marketer, would love to learn but can't really pay right now. maybe later."
1035,6/14/24,josh,josh@brightlabs.co,BrightLabs,,brightlabs.co,Recruiter,webform,,Are you hiring developers? I'd love to join your team.
L-1241,06/21/2024,Femi K.,femik@cladwellhive.com,Cladwellhive,62,cladwellhive.com,VP Ops,referral,TBD,We're a GTM agency. Want to embed a dev for internal tools. Not sure who signs off internally.
L-1077,2024-6-6,Victor,victor@stackly.co,Stackly,9,http://stackly.co,Owner,linkedin,500,"freelance marketer, would love to learn but can't really pay right now. maybe later."
L-1092,2024-6-7,Rita,rita@cladwelllabs.io,CladwellLabs,79,http://cladwelllabs.io,CTO,referral,$6k/mo,"SaaS company (not an agency) that wants AI ops help. Budgeted, serious."
L-1214,2024-6-23,Priya,priya@advergesend.agency,AdvergeSend,,www.advergesend.agency,Freelancer,webform,,"very early startup, 2 people, no real budget yet but sharp and might grow."
L-1163,25-06-2024,Maria,maria@leveragely.agency,Leveragely,80+,leveragely.agency,Director of Ops,referral,15k/mo,Interested in automating building client reports across 6 tools every week. Decision in about a month. Have some budget.
1006,27-06-2024,Ola,ola@brightlabs.co,BrightLabs,67-87,brightlabs.co,Director of Ops,webform,$6-8k,"We're a SEO agency, 43 people. Moving leads between apollo and the crm by hand is eating our week. Want it automated end to end. Budget approved, want to start this month. This is my priority to solve."
L-1388,6/18/24,Rachel,rachel@omnibound.com,Omnibound,58,http://omnibound.com,Head of Growth,linkedin,12k/mo,"We're a outbound agency, 54 people. Enriching and scoring leads one by one is eating our week. Want it automated end to end. Budget approved, wants to start ASAP. Decision is mine."
L-1335,2024-6-22,Kelechi,kelechi@reachpods.io,ReachPods,,,Founder,cold reply,0,"small local business, not an agency, wants a cheap chatbot. budget way below range."
L-1318,6/26/24,Lena,lena@salespodsbound.com,Salespodsbound,~64,salespodsbound.com,VP Growth,webform,TBD,Curious about automating summarizing call recordings into CRM notes. Not totally sure what we need yet. Have some budget.
L-1070,06/26/2024,Kelechi,kelechi@contentbound.agency,Contentbound,,contentbound.agency,,webform,,Not looking to buy — I'm a developer looking for a role. Attaching my CV.
L-1170,06/20/2024,rita,rita@rankfast.co,RankFast,5,rankfast.co,,webform,,"Cheap SMM panel, buy followers and likes, DM for rates."
L-1367,6/10/24,,lead@trialsco.io,TrialsCo,,www.trialsco.io,,webform,,"hi! CS student, i love what you do. could you send a free template or resources? not looking to buy, just learning :)"
L-1358,Jun 19 2024,Chinelo,chinelo@reachmedia.agency,ReachMedia,34,http://reachmedia.agency,COO,webform,12k/mo,"We're a GTM agency, 52 people. Qualifying inbound leads before they hit the reps is eating our week. Want it automated end to end. Budget approved, decision this month. I make the call here."
L-1483,2024-06-24,aisha,aisha[at]omnigtm.co,OmniGTM,~6,http://omnigtm.co,VP Ops,event,$4k/mo,Looking into automating triaging a flooded shared inbox. Decision in about a month. 
L-1129,2024-6-23,Ifeanyi,ifeanyi@northsend.io,NorthSend,,northsend.io,Recruiter,referral,,"We have automation devs on our bench, would love to place candidates with you."
L-1468,6/20/24,Nneka,nneka@northmasons.agency,NorthMasons,29,www.northmasons.agency,COO,event,,Exploring automating qualifying inbound leads before they hit the reps. Would need to loop in the team. Budget not locked yet.
L-1266,2024-6-3,Priya,priya@omnimasons.co,OmniMasons,~52,www.omnimasons.co,Managing Partner,event,8k,"We're a GTM agency, 24 people. Moving leads between apollo and the crm by hand is eating our week. Want it automated end to end. Budget approved, wants to start ASAP. I make the call here."
L-1320,6/15/24,Deji,deji@rankfast.ng,RankFast,7,www.rankfast.ng,Student,referral,,"Doing a university project on AI agencies in Africa, can I interview your founder? Not a client."
1373,2024-06-27,Fatima N.,fatiman@pipepods.africa,PipePods,4+,http://pipepods.africa,Owner,webform,$6k/mo,(duplicate submission) Interested in automating copy-pasting data between spreadsheets and HubSpot. Decision in about a month. Price sensitive.
L-1401,06/23/2024,Josh,josh@vaguecorplabs.ng,VagueCorpLabs,9+,www.vaguecorplabs.ng,Founder,cold reply,$7k,"We're an ecom brand, not an agency, but we want an embedded dev for internal AI tools. Real budget."
L-1149,Jun 18 2024,Femi,femi@scaleloop.io,Scaleloop,30-50,,CEO,referral,"10,000","We're a performance marketing agency, 50 people. Qualifying inbound leads before they hit the reps is eating our week. Want it automated end to end. Budget approved, this is a priority for the quarter. Decision is mine."
L-1421,2024-06-03,Zainab,zainab@upshiftsend.agency,UpshiftSend,52,upshiftsend.agency,Managing Director,referral,15k/mo,"We're a social media agency, 16 people. Stitching together reporting for 40+ clients is eating our week. Want it automated end to end. Budget approved, this is a priority for the quarter. Decision is mine."
L-1085,6/22/24,Ruth,ruth@advergeforge.africa,Advergeforge,10,http://advergeforge.africa,Owner,webform,4000,"We're a growth agency, 32 people. Manual lead routing so hot leads go stale is eating our week. Want it automated end to end. Budget approved, wants to move in 2 weeks. This is my priority to solve."
L-1407,06/02/2024,Kunle,kunle@apexline.io,Apexline,,apexline.io,CEO,event,15k/mo,Interested in automating manual lead routing so hot leads go stale. Decision in about a month. 
L-1422,Jun 13 2024,Aisha,aisha@stackforge.co,Stackforge,2,http://stackforge.co,Consultant,referral,,"solo consultant wanting to automate my own outreach. tiny budget, one-man shop."
1315,06/14/2024,Yemi,yemi@vaguecorp.co,VagueCorp,,http://vaguecorp.co,Consultant,referral,2000,"very early startup, 4 people, no real budget yet but sharp and might grow."
L-1455,06/05/2024,Fatima M.,fatimam@growthgen.africa,Growthgen,2,http://growthgen.africa,Recruiter,webform,,"We have automation devs on our bench, would love to place candidates with you."
L-1387,Jun 18 2024,Emeka,emeka@luxauto.com,LuxAuto,,luxauto.com,Student,webform,,"final year student doing a project on AI automation, can you share how you built your systems?"
1484,22-06-2024,Marcus,marcus@pipepods.africa,PipePods,10,www.pipepods.africa,Owner,event,,"I actually run a competing automation agency, just seeing how you package your offer. Not a buyer."
L-1151,15-06-2024,tunde,tunde@reachpods.africa,ReachPods,,http://reachpods.africa,Head of Ops,linkedin,"$8,500",Interested in automating copy-pasting data between spreadsheets and HubSpot. Not totally sure what we need yet. Price sensitive.
L-1223,05-06-2024,Tunde,tunde@northmasons.africa,NorthMasons,,northmasons.africa,Founder,webform,2000,"very early startup, 2 people, no real budget yet but sharp and might grow."
L-1061,2024-06-15,,lead@nimblemasons.co,NimbleMasons,12,www.nimblemasons.co,Head of RevOps,webform,16k/mo,Exploring automating summarizing call recordings into CRM notes. Decision in about a month. Have some budget.
L-1152,2024-06-08,Kelechi,kelechi@apexecom.ng,ApexEcom,10-30,,Managing Partner,referral,8k,Interested in automating manual lead routing so hot leads go stale. Not totally sure what we need yet. Have some budget.
1005,Jun 10 2024,Victor,victor@brightpathgtm.com,BrightpathGTM,79,brightpathgtm.com,Owner,referral,depends,We're a recruitment marketing agency. Want to embed a dev for internal tools. Interested but vague on scope.
L-1205,6/20/24,Bola,bola@nimblepods.co,NimblePods,76,,VP Growth,event,TBD,We're a SEO agency. Want to add an AI service line for clients. Not sure who signs off internally.
L-1215,2024-6-10,Nkechi,nkechi@reachhive.africa,Reachhive,1,reachhive.africa,Owner,webform,,"Fellow agency owner here, mostly researching the market."
L-1281,Jun 10 2024,Precious,precious@scaleengine.co,ScaleEngine,61-81,http://scaleengine.co,COO,linkedin,12k/mo,Curious about automating summarizing call recordings into CRM notes. Would need to loop in the team. Budget not locked yet.
L-1072,2024-06-26,Kelechi K.,kelechik@nimbleforge.com,Nimbleforge,40,nimbleforge.com,Managing Partner,webform,"5,000/mo",Curious about automating moving leads between Apollo and the CRM by hand. Would need to loop in the team. 
L-1250,2024-6-14,yemi,yemi@northpods.co,NorthPods,71,northpods.co,Director of Ops,cold reply,"$8,500","We're a growth agency, 16 people. Summarizing call recordings into crm notes is eating our week. Want it automated end to end. Budget approved, ready to pilot in the next 2 weeks. "
L-1269,,Rita,rita@co.ng,Co,,,Founder,cold reply,,"freelance marketer, would love to learn but can't really pay right now. maybe later."
1321,Jun 17 2024,Daniel,,Salespodsly,41-61,http://salespodsly.africa,Managing Director,referral,15k/mo,Interested in automating chasing follow-ups across email and WhatsApp. Comparing a few options. Budget not locked yet.
L-1088,Jun 6 2024,peter,peter@northforge.ng,Northforge,23+,northforge.ng,Head of Ops,webform,15k/mo,Interested in automating building client reports across 6 tools every week. Not totally sure what we need yet. Budget not locked yet.
L-1254,2024-06-05,Aisha B.,aishab@demandpods.africa,DemandPods,49-69,demandpods.africa,COO,webform,"$8,000/mo",Interested in automating manual lead routing so hot leads go stale. Decision in about a month. 
L-1352,2024-06-07,Amaka,,TalentPool,1,talentpool.ng,,webform,,bootcamp grad wanting to learn — is there any free material or mentorship?
L-1020,06/08/2024,Tunde M.,tundem@nimblemasons.io,NimbleMasons,28,www.nimblemasons.io,VP Ops,referral,16k/mo,"We're a full-service marketing agency, 52 people. Stitching together reporting for 40+ clients is eating our week. Want it automated end to end. Budget approved, ready to pilot in the next 2 weeks. "
L-1059,05-06-2024,David,david@northworks.co,NorthWorks,31-51,,Owner,referral,4000,"We're a influencer marketing agency, 24 people. Summarizing call recordings into crm notes is eating our week. Want it automated end to end. Budget approved, this is a priority for the quarter. I make the call here."
L-1225,2024-6-12,Sam,sam@apexly.io,Apexly,70,www.apexly.io,VP Growth,referral,6k,Curious about automating pacing ad budgets across dozens of accounts manually. Would need to loop in the team. Price sensitive.
L-1102,2024-06-01,Sara,sara@pipegtm.co,PipeGTM,3-23,,COO,webform,"10,000","We're a influencer marketing agency, 41 people. Summarizing call recordings into crm notes is eating our week. Want it automated end to end. Budget approved, want to start this month. "
1086,13-06-2024,Ivan K.,ivank@leveragelabs.agency,LeverageLabs,8,http://leveragelabs.agency,,referral,,bootcamp grad wanting to learn — is there any free material or mentorship?
L-1063,,Bola,bola@cladwellly.agency,Cladwellly,53,www.cladwellly.agency,Owner,webform,8k,Interested in automating researching prospects and drafting first-touch messages. Decision in about a month. Price sensitive.
L-1267,2024-06-20,Tobi O.,tobio@revgen.agency,Revgen,,revgen.agency,Freelancer,webform,500,"freelance marketer, would love to learn but can't really pay right now. maybe later."
L-1083,19-06-2024,Yemi,yemi@reachloop.co,Reachloop,67,http://reachloop.co,Head of RevOps,webform,TBD,We're a SEO agency. Want to add an AI service line for clients. Wont share budget yet — depends what you can do.
L-1007,2024-06-15,Sara,sara@upshiftecom.io,UpshiftEcom,63-83,www.upshiftecom.io,Managing Director,event,,Looking into automating pacing ad budgets across dozens of accounts manually. Would need to loop in the team. 
L-1066,06/17/2024,Victor,victor@brightpathpods.io,BrightpathPods,1,brightpathpods.io,Founder,linkedin,,"I actually run a competing automation agency, just seeing how you package your offer. Not a buyer."
L-1441,,Bright,bright@cladwellgen.co,Cladwellgen,56+,cladwellgen.co,Managing Director,webform,6k,"We're a social media agency, 41 people. Pacing ad budgets across dozens of accounts manually is eating our week. Want it automated end to end. Budget approved, decision this month. "
L-1481,04-06-2024,Uche,uche@onbrandworks.co,OnBrandWorks,1,onbrandworks.co,Founder,event,,"Fellow agency owner here, mostly researching the market."
L-1454,09-06-2024,Yemi,yemi@stackly.co,Stackly,55,stackly.co,VP Ops,webform,,Curious about automating qualifying inbound leads before they hit the reps. Would need to loop in the team. 
L-1054,2024-6-27,Fatima,fatima@labs.com,Labs,9,,,event,,"Offering offshore dev team at $5/hr, interested?"
L-1042,6/20/24,priya,priya@apexbound.co,Apexbound,,apexbound.co,Developer,cold reply,,"We have automation devs on our bench, would love to place candidates with you."
L-1285,2024-6-28,Kwame,kwame@luxautoco.io,LuxAutoCo,7,luxautoco.io,,webform,,"final year student doing a project on AI automation, can you share how you built your systems?"
L-1264,6/5/24,Daniel,daniel@,Reachgen,76+,,Head of RevOps,cold reply,depends,We're a cold email agency. Want to automate lead routing. Interested but vague on scope.
L-1433,Jun 22 2024,Emeka,emeka@nimbleline.africa,Nimbleline,20,http://nimbleline.africa,Head of Ops,referral,$14k/mo,Exploring automating enriching and scoring leads one by one. Would need to loop in the team. Price sensitive.
L-1237,06/16/2024,Ivan,ivan@reachline.africa,Reachline,39,reachline.africa,Founder,linkedin,$4k/mo,"We're a B2B marketing agency, 43 people. Enriching and scoring leads one by one is eating our week. Want it automated end to end. Budget approved, keen to move fast. Decision is mine."
L-1375,06/11/2024,rachel,rachel@school.edu,,,,Founder,event,,"small local business, not an agency, wants a cheap chatbot. budget way below range."
L-1121,23-06-2024,Sara,sara@cladwellco.com,CladwellCo,5,www.cladwellco.com,,webform,,"Cheap SMM panel, buy followers and likes, DM for rates."
L-1334,6/26/24,Kwame,kwame@labs.africa,Labs,1,labs.africa,,event,,Not looking to buy — I'm a developer looking for a role. Attaching my CV.
L-1161,,,lead@onbrandline.co,OnBrandline,~69,onbrandline.co,VP Growth,webform,TBD,We're a PPC agency. Want to automate lead routing. Not sure who signs off internally.
L-1256,2024-06-18,Emeka,emeka@scalehive.agency,Scalehive,38,scalehive.agency,Managing Director,webform,TBD,Interested in automating researching prospects and drafting first-touch messages. Would need to loop in the team. Budget not locked yet.
L-1420,Jun 27 2024,Kelechi N.,kelechi n.[at]earlystageco.io,EarlyStageCo,,,Freelancer,referral,,"freelance marketer, would love to learn but can't really pay right now. maybe later."
L-1412,06/21/2024,Grace,grace@northsend.co,NorthSend,~78,http://northsend.co,Managing Director,referral,"$8,000/mo",Interested in automating manual lead routing so hot leads go stale. Comparing a few options. Budget not locked yet.
L-1398,2024-6-7,Zainab,zainab@trials.agency,Trials,,,Student,linkedin,,"hi! CS student, i love what you do. could you send a free template or resources? not looking to buy, just learning :)"
L-1108,6/6/24,Kunle,kunle[at]meridianbound.com,Meridianbound,,http://meridianbound.com,Head of Growth,webform,15k/mo,Curious about automating pacing ad budgets across dozens of accounts manually. Comparing a few options. Have some budget.
L-1354,2024-6-15,Ifeanyi,ifeanyi@onbrandengine.com,OnBrandEngine,33,www.onbrandengine.com,VP Growth,event,"10,000","We're a PPC agency, 16 people. Summarizing call recordings into crm notes is eating our week. Want it automated end to end. Budget approved, ready to pilot in the next 2 weeks. "
L-1138,2024-6-19,deji,deji@brightworks.co,BrightWorks,52-72,brightworks.co,Owner,webform,18k,"We're a social media agency, 42 people. Chasing follow-ups across email and whatsapp is eating our week. Want it automated end to end. Budget approved, decision this month. "
1003,2024-06-27,Hannah,hannah@onbrandecom.io,OnBrandEcom,29,onbrandecom.io,Director of Ops,event,"$9,000",Curious about automating pacing ad budgets across dozens of accounts manually. Would need to loop in the team. Have some budget.
L-1436,06/17/2024,Nkechi,nkechi@brightpods.com,BrightPods,30+,brightpods.com,CEO,cold reply,"$8,000/mo","We're a outbound agency, 37 people. Building client reports across 6 tools every week is eating our week. Want it automated end to end. Budget approved, this is a priority for the quarter. "
1307,12-06-2024,Lena K.,lenak@cladwellworks.co,CladwellWorks,~10,cladwellworks.co,VP Growth,referral,"$8,500",Exploring automating qualifying inbound leads before they hit the reps. Not totally sure what we need yet. Price sensitive.
L-1290,2024-06-03,Chinelo,chinelo@advergemasons,AdvergeMasons,39+,advergemasons.io,CEO,event,8k,Exploring automating copy-pasting data between spreadsheets and HubSpot. Comparing a few options. 
L-1499,2024-06-08,Rachel,rachel@outlook.com,,4,,Founder,webform,0,"small local business, not an agency, wants a cheap chatbot. budget way below range."
L-1165,06/11/2024,Obi,obi@scalebound.agency,Scalebound,,,Owner,cold reply,$11k/mo,Looking into automating enriching and scoring leads one by one. Would need to loop in the team. Budget not locked yet.
L-1019,6/16/24,Femi,femi[at]earlystage.co,EarlyStage,1,http://earlystage.co,,webform,,bootcamp grad wanting to learn — is there any free material or mentorship?
L-1467,2024-06-21,Chinelo,chinelo@reachmasons.co,ReachMasons,9+,,Owner,webform,16k/mo,"We're a influencer marketing agency, 41 people. Moving leads between apollo and the crm by hand is eating our week. Want it automated end to end. Budget approved, want to start this month. Decision is mine."
L-1173,2024-06-17,Peter,peter@pipeengine.agency,PipeEngine,3,http://pipeengine.agency,,referral,,"Cheap SMM panel, buy followers and likes, DM for rates."
1404,Jun 2 2024,Tayo,tayo@cladwellsend.ng,CladwellSend,1,cladwellsend.ng,,referral,,VC here — wanting to intro you to a few portfolio companies. Not a direct buyer.
L-1211,Jun 11 2024,,lead@brighthive.com,Brighthive,5,brighthive.com,Managing Partner,webform,$4k/mo,Exploring automating building client reports across 6 tools every week. Not totally sure what we need yet. Budget not locked yet.
L-1130,06/05/2024,Chinelo O.,chineloo@revside.agency,Revside,,,Freelancer,event,,"very early startup, 5 people, no real budget yet but sharp and might grow."
1253,6/13/24,Femi,femi@apexreach.io,ApexReach,10,apexreach.io,Managing Partner,webform,6k,Looking into automating moving leads between Apollo and the CRM by hand. Not totally sure what we need yet. 
L-1031,06/11/2024,,lead@talentpoolco.ng,TalentPoolCo,,talentpoolco.ng,Founder,referral,,"small local business, not an agency, wants a cheap chatbot. budget way below range."
L-1120,23-06-2024,Marcus,marcus@scalereach.ng,ScaleReach,,www.scalereach.ng,,linkedin,,"You have WON $1,000,000!!! Click here to claim."
L-1291,Jun 3 2024,Meredith,meredith@rankfastlabs.io,RankFastLabs,,rankfastlabs.io,,linkedin,,"You have WON $1,000,000!!! Click here to claim."
L-1371,06/25/2024,Zainab A.,zainaba@nimblesend.ng,NimbleSend,9,nimblesend.ng,Head of Growth,linkedin,16k/mo,Interested in automating stitching together reporting for 40+ clients. Comparing a few options. Budget not locked yet.
L-1268,2024-6-22,Zara,zara@contently.africa,Contently,,contently.africa,Head of RevOps,event,"$8,000/mo",Exploring automating pacing ad budgets across dozens of accounts manually. Would need to loop in the team. 
L-1243,06/27/2024,Tobi,tobi@pipeengine.com,PipeEngine,6,,Owner,linkedin,,"small local business, not an agency, wants a cheap chatbot. budget way below range."
L-1316,6/28/24,chloe,weird-email-no-domain,Revly,7-27,www.revly.io,CEO,webform,$6k/mo,Curious about automating summarizing call recordings into CRM notes. Decision in about a month. 
L-1207,6/5/24,Hannah,hannah@brightly.co,Brightly,59-79,brightly.co,Founder,webform,"5,000/mo","We're a SEO agency, 42 people. Enriching and scoring leads one by one is eating our week. Want it automated end to end. Budget approved, decision this month. This is my priority to solve."
L-1073,12-06-2024,Peter A.,petera@contentpods.ng,ContentPods,,,Owner,webform,"5,000/mo","We're a growth agency, 48 people. Moving leads between apollo and the crm by hand is eating our week. Want it automated end to end. Budget approved, keen to move fast. I make the call here."
L-1400,Jun 8 2024,peter,peter@apexpods.agency,ApexPods,45-65,apexpods.agency,COO,webform,6k,Car dealership wanting a lead chatbot. Not your usual client but we have money to spend.
L-1128,6/24/24,Seun N.,seunn@nimblemasons.agency,NimbleMasons,11+,nimblemasons.agency,Founder,event,"$8,000/mo","We're a full-service marketing agency, 19 people. Enriching and scoring leads one by one is eating our week. Want it automated end to end. Budget approved, keen to move fast. Decision is mine."
L-1304,Jun 8 2024,Bola,bola@meridiangen.co,Meridiangen,,www.meridiangen.co,Partner,linkedin,,This is a newsletter signup that ended up in the leads sheet by mistake.
L-1251,6/4/24,Ken,ken@pipeworks.africa,PipeWorks,1,pipeworks.africa,Owner,cold reply,,We do similar work — curious about your pricing for benchmarking.
L-1107,Jun 10 2024,Aisha,aisha@earlystagelabs.co,EarlyStageLabs,,www.earlystagelabs.co,Owner,referral,2000,"freelance marketer, would love to learn but can't really pay right now. maybe later."
L-1087,6/8/24,Hana,hana@reachmasons.co,ReachMasons,74-94,,Marketing Manager,event,$6k/mo,"SaaS company (not an agency) that wants AI ops help. Budgeted, serious."
1435,2024-6-11,Gbenga,gbenga@stackbound.com,Stackbound,43,www.stackbound.com,CEO,linkedin,16k/mo,"We're a GTM agency, 46 people. Manual lead routing so hot leads go stale is eating our week. Want it automated end to end. Budget approved, wants to move in 2 weeks. I make the call here."
L-1466,Jun 1 2024,Deji,deji@scaleside.ng,Scaleside,59,http://scaleside.ng,Head of RevOps,webform,$14k/mo,"We're a B2B marketing agency, 38 people. Pacing ad budgets across dozens of accounts manually is eating our week. Want it automated end to end. Budget approved, wants to move in 2 weeks. Decision is mine."
L-1043,Jun 28 2024,Sophie A.,sophiea@scalely.africa,Scalely,72+,http://scalely.africa,Owner,referral,,Looking into automating enriching and scoring leads one by one. Would need to loop in the team. Have some budget.
1323,2024-06-07,Samir W.,samirw@nimblelabs.io,NimbleLabs,61,http://nimblelabs.io,VP Ops,webform,,Curious about automating qualifying inbound leads before they hit the reps. Comparing a few options. Have some budget.
L-1074,2024-06-05,daniel o.,danielo@nimblely.io,Nimblely,52,http://nimblely.io,Managing Partner,webform,,We're a appointment-setting agency. Want to add an AI service line for clients. Not sure who signs off internally.
L-1171,06/25/2024,Lola,lola@demandmedia.com,DemandMedia,78+,demandmedia.com,Head of RevOps,webform,4000,"We're a GTM agency, 47 people. Pacing ad budgets across dozens of accounts manually is eating our week. Want it automated end to end. Budget approved, decision this month. "
L-1457,2024-6-6,Zainab,zainab@growthlabs.ng,GrowthLabs,,growthlabs.ng,Founder,referral,depends,We're a full-service marketing agency. Want to automate lead routing. Not sure who signs off internally.
L-1330,Jun 23 2024,Kelechi M.,kelechim@stackmasons.africa,StackMasons,,www.stackmasons.africa,Partner,linkedin,,"Doing a university project on AI agencies in Africa, can I interview your founder? Not a client."
L-1418,2024-06-07,David,david@upshiftforge.co,Upshiftforge,25+,upshiftforge.co,Owner,linkedin,$4k/mo,"We're a appointment-setting agency, 22 people. Manual lead routing so hot leads go stale is eating our week. Want it automated end to end. Budget approved, decision this month. "
L-1289,2024-6-6,grace,grace@scalely.co,Scalely,~56,,Head of Ops,referral,4000,"We're a PPC agency, 52 people. Manual lead routing so hot leads go stale is eating our week. Want it automated end to end. Budget approved, decision this month. Decision is mine."
L-1245,2024-06-02,Nneka,nneka@rankfast.io,RankFast,1,rankfast.io,,linkedin,,"Doing a university project on AI agencies in Africa, can I interview your founder? Not a client."
L-1190,06/06/2024,Chloe,chloe@scalely.io,Scalely,10-30,www.scalely.io,VP Ops,webform,15k/mo,"We're a lead gen agency, 25 people. Enriching and scoring leads one by one is eating our week. Want it automated end to end. Budget approved, keen to move fast. "
L-1229,6/13/24,Victor,victor@leadmasons.agency,LeadMasons,41,leadmasons.agency,Owner,linkedin,18k,"We're a cold email agency, 47 people. Qualifying inbound leads before they hit the reps is eating our week. Want it automated end to end. Budget approved, ready to pilot in the next 2 weeks. I make the call here."
L-1119,06/05/2024,Rita A.,ritaa@cladwellco.co,CladwellCo,1,cladwellco.co,Owner,event,,"small local business, not an agency, wants a cheap chatbot. budget way below range."
L-1395,Jun 19 2024,Uche,uche@brightline.com,Brightline,51+,brightline.com,CEO,referral,6k,Curious about automating researching prospects and drafting first-touch messages. Not totally sure what we need yet. Budget not locked yet.
L-1163-dup,Jun 15 2024,Maria,maria@leveragely.agency,Leveragely,80+,leveragely.agency,Director of Ops,referral,15k/mo,(duplicate submission) Interested in automating building client reports across 6 tools every week. Decision in about a month. Have some budget.
TESTROW,2024-06-06,Test User,test@test.com,Test,,test.com,test,test,,"QA test entry, please ignore."
1443,2024-06-14,Tobi N.,tobin@demandgtm.africa,DemandGTM,,www.demandgtm.africa,Consultant,cold reply,2000,"freelance marketer, would love to learn but can't really pay right now. maybe later."
L-1115,Jun 7 2024,Ngozi,ngozi@omniworks.com,OmniWorks,28+,omniworks.com,Managing Director,linkedin,,Interested in automating stitching together reporting for 40+ clients. Comparing a few options. Have some budget.
L-1232,06/06/2024,meredith,meredith@brightlabs.com,BrightLabs,,www.brightlabs.com,Owner,cold reply,,We do similar work — curious about your pricing for benchmarking.
L-1056,2024-6-22,David,david@cladwellengine.co,CladwellEngine,13+,www.cladwellengine.co,Head of Growth,linkedin,"10,000",Interested in automating summarizing call recordings into CRM notes. Decision in about a month. Budget not locked yet.
L-1366,6/27/24,kwame,kwame@upshiftmasons.co,UpshiftMasons,55,,Head of Growth,webform,"$8,000/mo",Curious about automating copy-pasting data between spreadsheets and HubSpot. Not totally sure what we need yet. Have some budget.
L-1280,6/17/24,ifeanyi,ifeanyi@northly.africa,Northly,72+,www.northly.africa,Managing Partner,webform,15k/mo,"We're a PPC agency, 16 people. Moving leads between apollo and the crm by hand is eating our week. Want it automated end to end. Budget approved, decision this month. I make the call here."
L-1476,2024-6-2,Samir,samir@reachloop.co,Reachloop,1,reachloop.co,Owner,linkedin,,"very early startup, 3 people, no real budget yet but sharp and might grow."
L-1191,2024-06-20,sophie,sophie@trialsco.africa,TrialsCo,,www.trialsco.africa,,referral,,"Cheap SMM panel, buy followers and likes, DM for rates."
L-1202,6/19/24,Hana K.,hanak@scalebound.africa,Scalebound,46+,www.scalebound.africa,Managing Partner,webform,"5,000/mo",Curious about automating qualifying inbound leads before they hit the reps. Decision in about a month. Have some budget.
1373,2024-06-16,Fatima N.,fatiman@pipepods.africa,PipePods,4+,http://pipepods.africa,Owner,webform,$6k/mo,Interested in automating copy-pasting data between spreadsheets and HubSpot. Decision in about a month. Price sensitive.
L-1487,,kunle,kunle@contentgtm.agency,ContentGTM,36,http://contentgtm.agency,Director of Ops,webform,$6-8k,(duplicate submission) Exploring automating summarizing call recordings into CRM notes. Comparing a few options. Budget not locked yet.
L-1009,2024-06-08,Nneka,nneka@northforge.agency,Northforge,,northforge.agency,Managing Director,event,"10,000","We're a recruitment marketing agency, 40 people. Manual lead routing so hot leads go stale is eating our week. Want it automated end to end. Budget approved, wants to move in 2 weeks. I make the call here."
L-1196,2024-06-22,Ada,ada@brightgtm.agency,BrightGTM,10-30,www.brightgtm.agency,Founder,event,,Looking into automating copy-pasting data between spreadsheets and HubSpot. Comparing a few options. Have some budget.
L-1126,06/11/2024,Ivan,ivan@upshiftgen.agency,Upshiftgen,,upshiftgen.agency,Owner,webform,,"freelance marketer, would love to learn but can't really pay right now. maybe later."
L-1260,Jun 13 2024,Kunle,kunle@leadforge.ng,Leadforge,,http://leadforge.ng,Head of Growth,linkedin,$11k/mo,Looking into automating qualifying inbound leads before they hit the reps. Comparing a few options. Price sensitive.
L-1274,2024-6-28,Uche,uche@growthlabs.com,GrowthLabs,62-82,growthlabs.com,Head of Ops,cold reply,$6-8k,"We're a content agency, 48 people. Chasing follow-ups across email and whatsapp is eating our week. Want it automated end to end. Budget approved, decision this month. I make the call here."
L-1360,2024-6-15,Deji,deji@performworks.co,PerformWorks,,,Freelancer,linkedin,0,"solo consultant wanting to automate my own outreach. tiny budget, one-man shop."
L-1146,2024-6-21,,lead@talentpoollabs.ng,TalentPoolLabs,,,Student,referral,,"final year student doing a project on AI automation, can you share how you built your systems?"
L-1248,Jun 23 2024,Rita,rita@trialslabs.co,TrialsLabs,,,,referral,,"Selling a bulk email blasting service, want to partner?"
1143,12-06-2024,Amaka,amaka@brightengine.africa,BrightEngine,21,http://brightengine.africa,COO,referral,$11k/mo,"We're a B2B marketing agency, 12 people. Qualifying inbound leads before they hit the reps is eating our week. Want it automated end to end. Budget approved, ready to pilot in the next 2 weeks. I make the call here."
L-1288,01-06-2024,uche,uche@contentmasons.co,ContentMasons,~11,www.contentmasons.co,Head of Ops,webform,depends,We're a demand gen agency. Want to embed a dev for internal tools. Interested but vague on scope.
L-1209,6/6/24,Maria,maria@brightpathly.co,Brightpathly,~4,brightpathly.co,Director of Ops,webform,,We're a full-service marketing agency. Want to add an AI service line for clients. Not sure who signs off internally.
L-1114,2024-6-11,Zainab,zainab@advergeside.agency,Advergeside,11,,VP Growth,referral,,Exploring automating triaging a flooded shared inbox. Not totally sure what we need yet. Have some budget.
L-1048,28-06-2024,Ken,ken@pipely.ng,Pipely,22,www.pipely.ng,Head of Ops,webform,,Looking into automating copy-pasting data between spreadsheets and HubSpot. Decision in about a month. 
L-1220,Jun 7 2024,Ola,ola@salespodsside.ng,Salespodsside,6,http://salespodsside.ng,Consultant,referral,0,"solo consultant wanting to automate my own outreach. tiny budget, one-man shop."
L-1150,,Josh,josh@cladwell.com,Cladwell,,http://cladwell.com,Founder,linkedin,0,"small local business, not an agency, wants a cheap chatbot. budget way below range."
L-1193,Jun 11 2024,Obi,obi@luxautoco.africa,LuxAutoCo,,luxautoco.africa,Student,webform,,VC here — wanting to intro you to a few portfolio companies. Not a direct buyer.
L-1242,06/16/2024,Ivan,ivan@performmasons.com,PerformMasons,~17,performmasons.com,COO,event,$11k/mo,"We're a SEO agency, 55 people. Enriching and scoring leads one by one is eating our week. Want it automated end to end. Budget approved, wants to move in 2 weeks. Decision is mine."
L-1296,Jun 27 2024,Ifeanyi,ifeanyi@salespodshive.io,Salespodshive,53,salespodshive.io,CEO,webform,"10,000","We're a SEO agency, 24 people. Stitching together reporting for 40+ clients is eating our week. Want it automated end to end. Budget approved, decision this month. "
L-1490,2024-06-17,Yemi,yemi@freelance.io,Freelance,,freelance.io,Owner,webform,0,"freelance marketer, would love to learn but can't really pay right now. maybe later."
L-1136,2024-06-09,Lena,lena@demandside.io,Demandside,,demandside.io,COO,event,18k,"We're a social media agency, 55 people. Researching prospects and drafting first-touch messages is eating our week. Want it automated end to end. Budget approved, wants to start ASAP. Decision is mine."
L-1052,Jun 8 2024,Blessing,blessing@nimbleengine.agency,NimbleEngine,44,www.nimbleengine.agency,Director of Ops,referral,6k,"We're a demand gen agency, 53 people. Researching prospects and drafting first-touch messages is eating our week. Want it automated end to end. Budget approved, decision this month. I make the call here."
1104,06/23/2024,Rachel,rachel@nimblereach.agency,NimbleReach,,,Owner,referral,,"I actually run a competing automation agency, just seeing how you package your offer. Not a buyer."
L-1235,06/23/2024,Ifeanyi,ifeanyi@apexmasons.agency,ApexMasons,67,apexmasons.agency,Head of Growth,referral,TBD,We're a B2B marketing agency. Want to automate lead routing. Wont share budget yet — depends what you can do.
L-1141,11-06-2024,Sam,sam@leadhive.io,Leadhive,,,Managing Partner,cold reply,6k,Looking into automating building client reports across 6 tools every week. Would need to loop in the team. 
L-9002,2024-06-06,,,,,,,,,completely blank row except this note: 'follow up later??'
L-1012,2024-06-25,,lead@scaleworks.com,ScaleWorks,56,http://scaleworks.com,Managing Director,webform,12k/mo,"We're a outbound agency, 37 people. Manual lead routing so hot leads go stale is eating our week. Want it automated end to end. Budget approved, wants to start ASAP. This is my priority to solve."
L-1471,6/12/24,aisha,aisha@scalemasons.co,ScaleMasons,62+,scalemasons.co,VP Growth,event,"5,000/mo",Curious about automating chasing follow-ups across email and WhatsApp. Comparing a few options. Have some budget.
L-1263,6/6/24,Gbenga,gbenga@meridianforge.com,Meridianforge,~10,http://meridianforge.com,Head of Ops,cold reply,TBD,We're a lead gen agency. Want to embed a dev for internal tools. Wont share budget yet — depends what you can do.
L-1218,6/26/24,uche,uche@scalepods.io,ScalePods,80,scalepods.io,Owner,webform,"$8,000/mo","We're a B2B marketing agency, 52 people. Moving leads between apollo and the crm by hand is eating our week. Want it automated end to end. Budget approved, this is a priority for the quarter. "
L-1166,25-06-2024,Obi,obi@demandside.co,Demandside,24,demandside.co,CEO,referral,8k-12k,"We're a email marketing agency, 48 people. Researching prospects and drafting first-touch messages is eating our week. Want it automated end to end. Budget approved, wants to move in 2 weeks. I make the call here."
L-1492,6/13/24,Rita,rita@contentmedia.agency,ContentMedia,1,,Owner,referral,500,"small local business, not an agency, wants a cheap chatbot. budget way below range."
L-1160,Jun 4 2024,emeka,emeka@freelanceco.io,FreelanceCo,1,freelanceco.io,Freelancer,webform,500,"very early startup, 3 people, no real budget yet but sharp and might grow."
L-1440,Jun 20 2024,Tunde B.,tundeb@growthgen.co,Growthgen,79+,www.growthgen.co,Owner,linkedin,,Interested in automating building client reports across 6 tools every week. Comparing a few options. Budget not locked yet.
L-1311,06/23/2024,Kelechi,kelechi@cladwellly.com,Cladwellly,26+,cladwellly.com,Founder,webform,depends,We're a media buying agency. Want to automate lead routing. Not sure who signs off internally.
L-1470,2024-6-4,Samir,samir@cladwellworks.agency,CladwellWorks,15+,http://cladwellworks.agency,Head of Growth,referral,6k,"We're a B2B marketing agency, 38 people. Pacing ad budgets across dozens of accounts manually is eating our week. Want it automated end to end. Budget approved, ready to pilot in the next 2 weeks. Decision is mine."
L-1100,2024-06-14,Samir,samir@luxautoco.co,LuxAutoCo,1,,Student,webform,,"hi! CS student, i love what you do. could you send a free template or resources? not looking to buy, just learning :)"
L-1201,,Grace W.,grace w.[at]cladwellco.ng,CladwellCo,,cladwellco.ng,Student,webform,,"Doing a university project on AI agencies in Africa, can I interview your founder? Not a client."
L-1032,6/9/24,Peter B.,peterb@freelance.co,Freelance,34+,freelance.co,Founder,webform,16k/mo,(duplicate submission) Car dealership wanting a lead chatbot. Not your usual client but we have money to spend.
L-1302,2024-06-09,Tunde K.,tundek@earlystagelabs.africa,EarlyStageLabs,,earlystagelabs.africa,Consultant,referral,500,"freelance marketer, would love to learn but can't really pay right now. maybe later."
L-1377,2024-6-10,Diana,diana@nimblemedia.io,NimbleMedia,1,nimblemedia.io,,referral,,"Offering offshore dev team at $5/hr, interested?"
L-1049,06/27/2024,Zainab K.,zainabk@salespodsreach.com,SalespodsReach,,salespodsreach.com,Founder,webform,12k/mo,"We're a performance marketing agency, 48 people. Copy-pasting data between spreadsheets and hubspot is eating our week. Want it automated end to end. Budget approved, want to start this month. I make the call here."
L-1078,Jun 10 2024,,lead@reachline.com,Reachline,10,www.reachline.com,Student,webform,,This is a newsletter signup that ended up in the leads sheet by mistake.
L-1310,Jun 11 2024,Kunle,kunle@pipeengine.africa,PipeEngine,5,pipeengine.africa,Owner,event,,"small local business, not an agency, wants a cheap chatbot. budget way below range."
L-1278,6/17/24,Diana,diana@northpods.co,NorthPods,,www.northpods.co,,event,,"Selling a bulk email blasting service, want to partner?"
L-1426,6/2/24,Josh,josh@growthly.co,Growthly,26-46,http://growthly.co,Head of RevOps,referral,$11k/mo,"We're a B2B marketing agency, 53 people. Triaging a flooded shared inbox is eating our week. Want it automated end to end. Budget approved, want to start this month. This is my priority to solve."
L-1381,Jun 6 2024,Uche,uche@scalereach.ng,ScaleReach,21,scalereach.ng,Founder,referral,"$8,000/mo",Curious about automating pacing ad budgets across dozens of accounts manually. Comparing a few options. Have some budget.
L-1008,Jun 26 2024,Bright O.,brighto@nimbleengine.com,NimbleEngine,7,http://nimbleengine.com,Owner,webform,"10,000",Exploring automating triaging a flooded shared inbox. Decision in about a month. Have some budget.
L-1011,Jun 8 2024,Ken,,SmallBizCo,67,smallbizco.com,Marketing Manager,referral,$6-8k,"We're an ecom brand, not an agency, but we want an embedded dev for internal AI tools. Real budget."
L-1213,06/04/2024,Emeka,emeka@brightpathboun.co,Brightpathbound,8,http://brightpathboun.co,Head of RevOps,linkedin,,We're a social media agency. Want to automate lead routing. Interested but vague on scope.
L-1376,2024-06-01,Daniel,daniel@contentgtm.io,ContentGTM,45-65,contentgtm.io,Owner,event,$6-8k,Curious about automating chasing follow-ups across email and WhatsApp. Would need to loop in the team. Have some budget.
L-1391,,Meredith,meredith@onbrandworks.co,OnBrandWorks,79,onbrandworks.co,Head of Ops,webform,TBD,Exploring automating enriching and scoring leads one by one. Would need to loop in the team. 
L-1361,2024-6-2,Blessing,blessing@cladwell.io,Cladwell,2,http://cladwell.io,Freelancer,linkedin,500,"freelance marketer, would love to learn but can't really pay right now. maybe later."
L-1370,6/18/24,Yemi,yemi@brightlabs,BrightLabs,34+,,Head of Ops,cold reply,"$9,000",Interested in automating stitching together reporting for 40+ clients. Comparing a few options. Have some budget.
L-1259,Jun 13 2024,victor n.,victorn@reachhive.co,Reachhive,,www.reachhive.co,Founder,linkedin,0,"small local business, not an agency, wants a cheap chatbot. budget way below range."
L-1038,2024-6-20,Farida,farida@brightgen.com,Brightgen,~22,http://brightgen.com,Head of Growth,webform,"$8,500",Exploring automating enriching and scoring leads one by one. Not totally sure what we need yet. 
L-1040,2024-06-15,Tayo,tayo@upshiftpods.agency,UpshiftPods,22,,COO,referral,16k/mo,"We're an ecom brand, not an agency, but we want an embedded dev for internal AI tools. Real budget."
L-1044,6/24/24,Marcus,marcus@demandreach.com,DemandReach,75,www.demandreach.com,Head of Ops,event,$6-8k,"We're a social media agency, 26 people. Researching prospects and drafting first-touch messages is eating our week. Want it automated end to end. Budget approved, ready to pilot in the next 2 weeks. This is my priority to solve."
L-1442,06/13/2024,Hana,hana@upshiftloop.africa,Upshiftloop,3+,,Founder,cold reply,"5,000/mo",Looking into automating summarizing call recordings into CRM notes. Not totally sure what we need yet. 
L-1139,Jun 26 2024,James,james@meridianline.com,Meridianline,63,meridianline.com,CEO,event,,Exploring automating qualifying inbound leads before they hit the reps. Comparing a few options. Have some budget.
L-1449,25-06-2024,Daniel,weird-email-no-domain,Labs,1,http://labs.africa,,referral,,"Selling a bulk email blasting service, want to partner?"
L-1380,06/24/2024,Ruth,ruth@revmasons.com,RevMasons,75+,http://revmasons.com,Director of Ops,webform,TBD,Looking into automating triaging a flooded shared inbox. Comparing a few options. 
L-1419,2024-06-01,Ada,ada@apexworks.co,ApexWorks,4+,apexworks.co,Founder,webform,8k,"We're a media buying agency, 17 people. Qualifying inbound leads before they hit the reps is eating our week. Want it automated end to end. Budget approved, ready to pilot in the next 2 weeks. Decision is mine."
L-1068,Jun 10 2024,Ifeanyi,ifeanyi@nimblesend.io,NimbleSend,,www.nimblesend.io,Freelancer,referral,0,"solo consultant wanting to automate my own outreach. tiny budget, one-man shop."
L-1206,2024-06-17,Kunle,kunle@omnireach.com,OmniReach,33,www.omnireach.com,CEO,referral,"$8,000/mo",Curious about automating chasing follow-ups across email and WhatsApp. Comparing a few options. Budget not locked yet.
L-1336,6/2/24,Bright,bright@pipeloop.africa,Pipeloop,65+,pipeloop.africa,Director of Ops,cold reply,"$8,500",Curious about automating manual lead routing so hot leads go stale. Comparing a few options. Have some budget.
L-1194,6/13/24,Obi,obi@reachforge.ng,Reachforge,53+,www.reachforge.ng,COO,webform,5k-7k,Curious about automating qualifying inbound leads before they hit the reps. Would need to loop in the team. Price sensitive.
1402,06/23/2024,Chinelo,chinelo@reachpods.ng,ReachPods,,http://reachpods.ng,,linkedin,,"final year student doing a project on AI automation, can you share how you built your systems?"
L-1417,Jun 26 2024,,lead@meridianline.agency,Meridianline,77+,http://meridianline.agency,Owner,event,16k/mo,Exploring automating summarizing call recordings into CRM notes. Would need to loop in the team. Have some budget.
1064,6/27/24,Amaka,amaka@performengine.co,PerformEngine,15,performengine.co,Owner,webform,$6-8k,Exploring automating stitching together reporting for 40+ clients. Decision in about a month. Have some budget.
1384,2024-06-26,Marcus O.,weird-email-no-domain,Brightbound,64,,Head of Ops,webform,depends,We're a ecommerce marketing agency. Want to automate lead routing. Wont share budget yet — depends what you can do.
L-1140,2024-6-8,Ken,ken@stackline.com,Stackline,48,,Managing Director,webform,5k-7k,Looking into automating manual lead routing so hot leads go stale. Decision in about a month. Budget not locked yet.
L-1018,Jun 11 2024,hana w.,hanaw@leadbound.co,Leadbound,28,http://leadbound.co,VP Ops,webform,,Interested in automating triaging a flooded shared inbox. Would need to loop in the team. Price sensitive.
L-1127,2024-6-18,Rita,rita@,Scaleforge,4,www.scaleforge.com,Director of Ops,linkedin,TBD,Curious about automating pacing ad budgets across dozens of accounts manually. Decision in about a month. Budget not locked yet.
L-1353,06/18/2024,Zara,zara@brightecom.co,BrightEcom,48,brightecom.co,COO,webform,$6k/mo,"We're a performance marketing agency, 31 people. Stitching together reporting for 40+ clients is eating our week. Want it automated end to end. Budget approved, wants to move in 2 weeks. This is my priority to solve."
L-1396,06/23/2024,Emeka,emeka@cladwellbound.co,Cladwellbound,15,cladwellbound.co,Head of Growth,webform,"$8,000/mo",Interested in automating copy-pasting data between spreadsheets and HubSpot. Comparing a few options. Have some budget.
L-1324,6/24/24,Nadia,nadia@co.ng,Co,1,,,webform,,"You have WON $1,000,000!!! Click here to claim."
L-1118,18-06-2024,Victor A.,victora@luxauto.io,LuxAuto,~38,www.luxauto.io,Founder,referral,8k-12k,"We're an ecom brand, not an agency, but we want an embedded dev for internal AI tools. Real budget."
L-1013,6/4/24,Hana N.,hanan@brightbound.io,Brightbound,50+,http://brightbound.io,VP Ops,webform,5k-7k,"We're a appointment-setting agency, 54 people. Building client reports across 6 tools every week is eating our week. Want it automated end to end. Budget approved, ready to pilot in the next 2 weeks. This is my priority to solve."
L-1155,6/9/24,Ivan,ivan@demandreach.africa,DemandReach,~3,http://demandreach.africa,Head of Ops,referral,"$8,500",Interested in automating summarizing call recordings into CRM notes. Would need to loop in the team. Price sensitive.
1145,Jun 7 2024,Victor,victor@advergelabs.com,AdvergeLabs,14,advergelabs.com,Head of Growth,cold reply,$6-8k,Curious about automating manual lead routing so hot leads go stale. Comparing a few options. Budget not locked yet.
L-1081,Jun 3 2024,Daniel,daniel@scalemasons.com,ScaleMasons,~58,www.scalemasons.com,VP Growth,webform,18k,Interested in automating stitching together reporting for 40+ clients. Not totally sure what we need yet. Price sensitive.
L-1022,Jun 3 2024,Gbenga,gbenga@brightpathwork.co,BrightpathWorks,~39,brightpathwork.co,COO,cold reply,,We're a growth agency. Want to add an AI service line for clients. Wont share budget yet — depends what you can do.
1249,2024-6-20,Tayo,tayo@upshiftly.agency,Upshiftly,44,,CEO,webform,TBD,We're a B2B marketing agency. Want to automate lead routing. Not sure who signs off internally.
L-1406,13-06-2024,Maria,maria@brightside.africa,Brightside,,brightside.africa,CEO,cold reply,$14k/mo,"We're a demand gen agency, 43 people. Moving leads between apollo and the crm by hand is eating our week. Want it automated end to end. Budget approved, ready to pilot in the next 2 weeks. This is my priority to solve."
L-1204,6/16/24,Ken,ken@meridianhive.ng,Meridianhive,35+,,Owner,event,8k-12k,Exploring automating qualifying inbound leads before they hit the reps. Would need to loop in the team. Price sensitive.
L-1257,2024-06-20,Zainab,zainab@leadhive.co,Leadhive,79,www.leadhive.co,VP Ops,cold reply,depends,We're a GTM agency. Want to add an AI service line for clients. Not sure who signs off internally.
L-1105,,Lena,lena@apexengine.io,ApexEngine,30,apexengine.io,CEO,linkedin,5k-7k,"We're a ecommerce marketing agency, 54 people. Moving leads between apollo and the crm by hand is eating our week. Want it automated end to end. Budget approved, ready to pilot in the next 2 weeks. This is my priority to solve."
L-1021,Jun 24 2024,Sophie M.,sophiem@brightbound.com,Brightbound,8,www.brightbound.com,Student,referral,,"final year student doing a project on AI automation, can you share how you built your systems?"
L-1037,06/23/2024,Precious,precious@pipeside.io,Pipeside,3,www.pipeside.io,Student,webform,,bootcamp grad wanting to learn — is there any free material or mentorship?
L-1014,2024-06-04,Hana,,TrialsCo,,,Owner,linkedin,500,"small local business, not an agency, wants a cheap chatbot. budget way below range."
1255,2024-6-18,Nadia,nadia@apexside.africa,Apexside,73+,apexside.africa,Head of Growth,webform,8k-12k,"We're a email marketing agency, 58 people. Copy-pasting data between spreadsheets and hubspot is eating our week. Want it automated end to end. Budget approved, wants to start ASAP. This is my priority to solve."
L-1221,2024-6-18,Ada A.,weird-email-no-domain,CladwellLabs,,cladwelllabs.ng,Founder,webform,,"Fellow agency owner here, mostly researching the market."
L-1424,06/28/2024,Ruth,ruth@pipeworks.co,PipeWorks,14,pipeworks.co,VP Growth,webform,,We're a demand gen agency. Want to automate lead routing. Not sure who signs off internally.
L-1340,01-06-2024,Ngozi,ngozi@scaleloop.io,Scaleloop,1,,Consultant,referral,,"small local business, not an agency, wants a cheap chatbot. budget way below range."
L-1383,Jun 28 2024,Tobi,tobi@nimbleforge.io,Nimbleforge,20-40,nimbleforge.io,Head of RevOps,event,"$9,000","We're a PPC agency, 15 people. Triaging a flooded shared inbox is eating our week. Want it automated end to end. Budget approved, ready to pilot in the next 2 weeks. I make the call here."
